NÚM.,TOM,MOST.,NOM CIENTÍFIC A HCBPFQ,FAMÍLIA HCBPFQ,NOM CIENTÍFIC A FMPC 2005,FAMÍLIA FMPC 2005,Nom vulgar,Enllaç al Medi Natural del Bages,Comentaris,Amaga
336,5,1,Acer campestre,Aceráceas,Acer campestre,Aceràcies,Auró blanc,https://elmedinaturaldelbages.cat/species/auro-blanc-acer-campestre/,,
337,5,1,Acer Monspessulanum,Aceráceas,Acer monspessulanum,Aceràcies,Auró negre,https://elmedinaturaldelbages.cat/species/auro-negre-acer-monspessulanum/,,
335,5,1,Acer Cadevallii,Aceráceas,Acer opalus subsp. granatense,Aceràcies,Blada de fulla petita,https://elmedinaturaldelbages.cat/species/blada-acer-opalus/,,
338,5,1,Acer opulifolium,Aceráceas,Acer opalus subsp. opalus,Aceràcies,Blada de fulla gran,,,
66,2,1,Aceras antropophora,Orquidáceas,Orchis anthropophora,Orquidàcies,Flor de l'home penjat,https://elmedinaturaldelbages.cat/species/flor-de-lhome-penjat-aceras-anthropophorum/,,
503,9,1,Achillea ageratum ,Compuestas,Achillea ageratum ,Compostes,Agèrat,,,
504,9,1,Achillea Millefolium ,Compuestas,Achillea millefolium ,Compostes,Milfulles,https://elmedinaturaldelbages.cat/species/milfulles-achillea-millefolium/,,
505,9,1,Achillea odorata ,Compuestas,Achillea odorata ,Compostes,Camamilla (Achillea odorata),,,
268,5,1,Adonis autumnalis,Ranunculáceas,Adonis annua,Ranunculàcies,Ull de perdiu,https://elmedinaturaldelbages.cat/species/ull-de-perdiu-adonis-annua/,,
26,1,1,Aegilops ovata,Gramináceas,Aegilops geniculata ,Gramínies,Traiguera,https://elmedinaturaldelbages.cat/species/traiguera-blat-de-perdiu-blat-bord-aegilops-geniculata/,,
27,1,1,Aegilops triuncialis,Gramináceas,Aegilops triuncialis,Gramínies,Blat bord,https://elmedinaturaldelbages.cat/species/blat-bord-aegilops-triuncialis/,,
361,6,1,Agrimonia Eupatoria ,Rosáceas,Agrimonia eupatoria ,Rosàcies,Serverola,https://elmedinaturaldelbages.cat/species/serverola-agrimonia-agrimonia-eupatoria/,,
311,5,1,Agrostemma Githago,Cariofiláceas,Agrostemma githago,Cariofil·làcies,Niella,https://elmedinaturaldelbages.cat/species/niella-agrostemma-githago/,,
28,1,1,Agrostis alba,Gramináceas,Agrostis stolonifera,Gramínies,Agrostis blanca,,,
395,7,1,Ajuga Chamaepitys,Labiadas,Ajuga chamaepitys,Labiades,Iva artètica,https://elmedinaturaldelbages.cat/species/iva-artetica-ajuga-chamaepitys/,,
396,7,1,Ajuga reptans ,Labiadas,Ajuga reptans ,Labiades,Búgula,https://elmedinaturaldelbages.cat/species/bugula-ajuga-reptans/,,
465,7,1,Alkanna tinctoria,Borragináceas,Alkanna tinctoria,Boraginàcies,Pota de colom,https://elmedinaturaldelbages.cat/species/pota-de-colom-bolenc-roig-alkanna-tinctoria/,,
118,3,1,Alliaria officinalis,Crucíferas,Alliaria petiolata ,Crucíferes,Al·liària,https://elmedinaturaldelbages.cat/species/alliaria-allenc-alliaria-petiolata-a-officinalis/,,
48,1,1,Allium pallens,Liliáceas,Allium paniculatum subsp. pallens,Liliàcies,All paniculat (1),https://elmedinaturaldelbages.cat/species/all-paniculat-allium-paniculatum/,,
49,1,1,Allium paniculatum ,Liliáceas,Allium paniculatum subsp. paniculatum,Liliàcies,All paniculat (2),https://elmedinaturaldelbages.cat/species/all-paniculat-allium-paniculatum/,,
50,1,1,Allium roseum ,Liliáceas,Allium roseum ,Liliàcies,All rosat,https://elmedinaturaldelbages.cat/species/all-rosat-all-de-bruixa-allium-roseum/,,
47,1,1,Allium fallax,Liliáceas,Allium senescens subsp. montanum,Liliàcies,All colombí,https://elmedinaturaldelbages.cat/species/all-colombi-allium-senescens-ssp-montanum/,,
51,1,1,Allium sphaerocephalum,Liliáceas,Allium sphaerocephalon,Liliàcies,All vermell,https://elmedinaturaldelbages.cat/species/all-vermell-allium-sphaerocephalon/,,
178,3,1,Althaea hirsuta ,Malváceas,Althaea hirsuta ,Malvàcies,Malví hirsut,https://elmedinaturaldelbages.cat/species/malvi-hirsut-althaea-hirsuta/,,
119,3,1,Alyssum calycinum,Crucíferas,Alyssum alyssoides,Crucíferes,Herba de la ràbia menuda,https://elmedinaturaldelbages.cat/species/herba-de-la-rabia-menuda-alyssum-alyssoides/,,
120,3,1,Alyssum campestre,Crucíferas,Alyssum simplex,Crucíferes,Dauradella (Alyssum simplex),,,
115,2,1,Amarantus retroflexus,Amarantáceas,Amaranthus retroflexus subsp. retroflexus,Amarantàcies,Marxant,https://elmedinaturaldelbages.cat/species/marxant-amaranthus-retroflexus-subsp-retroflexus/,,
357,6,1,Amelanchier vulgaris,Pomáceas,Amelanchier ovalis,Rosàcies,Corner,https://elmedinaturaldelbages.cat/species/corner-amelanchier-ovalis/,,
67,2,1,Aceras piramidalis,Orquidáceas,Anacamptis pyramidalis,Orquidàcies,Flor caputxina,https://elmedinaturaldelbages.cat/species/flor-caputxina-anacamptis-pyramidalis/,,
506,9,1,Anacyclus clavatus ,Compuestas,Anacyclus clavatus ,Compostes,Panigroc,https://elmedinaturaldelbages.cat/species/panigroc-anacyclus-clavatus/,,
592,10,1,Anagallis arvensis ,Primuláceas,Anagallis arvensis ,Primulàcies,Morró (Anagallis arvensis),https://elmedinaturaldelbages.cat/species/morro-anagall-anagallis-arvensis/,,
593,10,1,Anagallis tenella ,Primuláceas,Anagallis tenella ,Primulàcies,Anagall d'aigua,,,
475,7,1,Lycopsis arvensis,Borragináceas,Anchusa arvensis,Boraginàcies,Agafallosos,,,
29,1,1,Andropogon distachyon,Gramináceas,Andropogon distachyos,Gramínies,Albellatge distaqui,,,
507,9,1,Andryala integrifolia ,Compuestas,Andryala integrifolia ,Compostes,Llongera integrifòlia,https://elmedinaturaldelbages.cat/species/andryala-integrifolia/,,
508,9,1,Andryala ragusina,Compuestas,Andryala ragusina,Compostes,Llongera,,,
279,5,3,Hepatica triloba (1),Ranunculáceas,Anemone hepatica (1),Ranunculàcies,Herba fetgera (1),https://elmedinaturaldelbages.cat/species/herba-fetgera-anemone-hepatica/,,
,5,3,Hepatica triloba (2),Ranunculáceas,Anemone hepatica (2),Ranunculàcies,Herba fetgera (2),https://elmedinaturaldelbages.cat/species/herba-fetgera-anemone-hepatica/,,
,5,3,Hepatica triloba (3),Ranunculáceas,Anemone hepatica (3),Ranunculàcies,Herba fetgera (3),https://elmedinaturaldelbages.cat/species/herba-fetgera-anemone-hepatica/,,
60,1,1,Phalangium Liliago,Liliáceas,Anthericum liliago,Liliàcies,Lliri de sant Bru,https://elmedinaturaldelbages.cat/species/lliri-de-sant-bru-anthericum-liliago/,,
33,1,1,Anthoxanthum odoratum,Gramináceas,Anthoxanthum odoratum,Gramínies,Gram d'olor,,,
187,4,1,Anthyllis montana ,Papilionáceas,Anthyllis montana ,Papilionàcies,Antil·lis de muntanya,https://elmedinaturaldelbages.cat/species/antillis-de-muntanya-anthyllis-montana/,,
229,4,1,Physanthyllis tetraphylla,Papilionáceas,Anthyllis tetraphylla ,Papilionàcies,Antil·lis de quatre fulles,,,
188,4,1,Anthyllis Vulneraria ,Papilionáceas,Anthyllis vulneraria,Papilionàcies,Vulnerària,https://elmedinaturaldelbages.cat/species/vulneraria-anthyllis-vulneraria-subsp-font-queri-a-vulneraria-subsp-gandogeri/,,
428,7,1,Antirrhinum majus,Escrofulariáceas,Antirrhinum majus,Escrofulariàcies,Conillets (Antirrhinum majus),https://elmedinaturaldelbages.cat/species/conillets-antirrhinum-majus/,,
429,7,1,Antirrhinum Orontium ,Escrofulariáceas,Antirrhinum orontium ,Escrofulariàcies,Gossets,https://elmedinaturaldelbages.cat/species/gossets-antirrhinum-orontium/,,
52,1,1,Aphillanthes Monspeliensis,Liliáceas,Aphyllanthes monspeliensis,Liliàcies,Jonça,https://elmedinaturaldelbages.cat/species/jonca-aphyllanthes-monspeliensis/,,
269,5,1,Aquilegia vulgaris ,Ranunculáceas,Aquilegia vulgaris ,Ranunculàcies,Corniol,https://elmedinaturaldelbages.cat/species/corniol-aquilegia-vulgaris/,,
124,3,1,Arabis Thaliana,Crucíferas,Arabidopsis thaliana ,Crucíferes,Arabidopsis,,,
121,3,1,Arabis auriculata,Crucíferas,Arabis auriculata,Crucíferes,Àrabis auriculada,https://elmedinaturaldelbages.cat/species/arabis-auriculata/,,
122,3,1,Arabis Gerardi,Crucíferas,Arabis hirsuta subsp. gerardi,Crucíferes,Àrabis hirsuta (1),,,
123,3,1,Arabis sagittata,Crucíferas,Arabis hirsuta subsp. sagittata,Crucíferes,Àrabis hirsuta (2),,,
314,5,1,Arenaria Conimbricensis ,Cariofiláceas,Arenaria conimbricensis ,Cariofil·làcies,Arenària de codina,https://elmedinaturaldelbages.cat/species/arenaria-de-codina-arenaria-conimbricensis/,,
315,5,1,Arenaria serpyllifolia,Cariofiláceas,Arenaria serpyllifolia,Cariofil·làcies,Arenària serpil·lifòlia,,,
313,5,1,Arenaria capitata,Cariofiláceas,Arenaria tetraquetra subsp. condensata,Cariofil·làcies,Arenària de coixinet,https://elmedinaturaldelbages.cat/species/arenaria-de-coixinet-arenaria-tetraquetra-subsp-condensata/,,
189,4,1,Argyrolobium Linnaeanum,Papilionáceas,Argyrolobium zanonii,Papilionàcies,Citís platejat,https://elmedinaturaldelbages.cat/species/citis-platejat-argirolobi-argyrolobium-zanonii/,,
116,2,1,Aristolochia longa ,Aristoloquiáceas,Aristolochia longa ,Aristoloquiàcies,Aristolòquia llarga,https://elmedinaturaldelbages.cat/species/aristoloquia-llarga-aristolochia-longa/,,
117,2,1,Aristolochia Pistolochia ,Aristoloquiáceas,Aristolochia pistolochia ,Aristoloquiàcies,Pistolòquia,https://elmedinaturaldelbages.cat/species/pistoloquia-aristolochia-pistolochia/,,
34,1,1,Arrhenatherum elatius,Gramináceas,Arrhenatherum elatius,Gramínies,Fromental,https://elmedinaturaldelbages.cat/species/fromental-arrhenatherum-elatius/,,
23,1,1,Asparagus acutifolius ,Esmiláceas,Asparagus acutifolius ,Liliàcies,Esparreguera boscana,https://elmedinaturaldelbages.cat/species/esparreguera-boscana-asparagus-acutifolius/,,
479,8,1,Asperula arvensis,Rubiáceas,Asperula arvensis,Rubiàcies,Rèvola de camp,,,
480,8,1,Asperula cynanchica,Rubiáceas,Asperula cynanchica,Rubiàcies,Herba prima,https://elmedinaturaldelbages.cat/species/herba-prima-asperula-cynanchica-ssp-brachysiphon/,,
53,1,1,Asphodelus fistulosus,Liliáceas,Asphodelus fistulosus,Liliàcies,Porrassí,https://elmedinaturaldelbages.cat/species/porrassi-cebolli-asphodelus-fistulosus/,,
13,1,1,Asplenium Adiantum nigrum,Polipodiáceas,Asplenium adiantum-nigrum,Polipodiàcies,Falzia de bosc,https://elmedinaturaldelbages.cat/species/falzia-de-bosc-asplenium-onopteris/,,
14,1,1,Asplenium fontanum ,Polipodiáceas,Asplenium fontanum ,Polipodiàcies,Falguereta de cingle,https://elmedinaturaldelbages.cat/species/falguereta-de-cingle-asplenium-fontanum/,,
15,1,1,Asplenium Ruta muraria ,Polipodiáceas,Asplenium ruta-muraria ,Polipodiàcies,Falzina blanca,https://elmedinaturaldelbages.cat/species/falzia-blanca-asplenium-ruta-muraria/,,
509,9,1,Aster acris,Compuestas,Aster sedifolius,Compostes,Indiana,https://elmedinaturaldelbages.cat/species/indiana-indianes-fadrins-i-fadrines-aster-sedifolius/,,
594,10,1,Asterolinum stellatum,Primuláceas,Asterolinon linum-stellatum ,Primulàcies,Lli estel·lat,,,
190,4,1,Astragalus glycyphyllos,Papilionáceas,Astragalus glycyphyllos,Papilionàcies,Regalèssia borda,,,
191,4,1,Astragalus Monspessulanus,Papilionáceas,Astragalus monspessulanus,Papilionàcies,Herba de sant Llorenç,https://elmedinaturaldelbages.cat/species/herba-de-sant-llorenc-astragalus-monspessulanus/,,
510,9,1,Atractylis humilis,Compuestas,Atractylis humilis subsp. humilis,Compostes,Atràctilis,https://elmedinaturaldelbages.cat/species/atractilis-atractylis-humilis-subsp-humilis/,,
457,7,1,Atropa belladona ,Solanáceas,Atropa belladonna ,Solanàcies,Belladona,https://elmedinaturaldelbages.cat/species/belladona-atropa-belladonna/,,
397,7,1,Ballota nigra,Labiadas,Ballota nigra,Labiades,Malrubí negre,https://elmedinaturaldelbages.cat/species/malrubi-negre-ballota-nigra-ssp-foetida/,,
444,7,1,Trixago Apula,Escrofulariáceas,Bellardia trixago,Escrofulariàcies,Cresta de gall (Bellardia trixago),https://elmedinaturaldelbages.cat/species/cresta-de-gall-bellardia-trixago-bartsia-trixago-trixago-apula/,,
513,9,1,Bellis perennis ,Compuestas,Bellis perennis ,Compostes,Margaridoia,https://elmedinaturaldelbages.cat/species/margaridoia-bellis-perennis/,,
514,9,1,Bellis sylvestris,Compuestas,Bellis sylvestris,Compostes,Margaridoia silvestre,,,
125,3,1,Biscutella laevigata ,Crucíferas,Biscutella laevigata ,Crucíferes,Herba de les llunetes,https://elmedinaturaldelbages.cat/species/herba-de-les-llunetes-biscutella-laevigata/,,
605,10,1,Chlora perfoliata,Gencianáceas,Blackstonia perfoliata,Gencianàcies,Centaura groga,https://elmedinaturaldelbages.cat/species/clora-centaura-groga-blackstonia-perfoliata/,,
35,1,1,Brachypodium ramosum,Gramináceas,Brachypodium retusum,Gramínies,Llistó,https://elmedinaturaldelbages.cat/species/llisto-brachypodium-retusum/,,
36,1,1,Brachypodium silvaticum,Gramináceas,Brachypodium sylvaticum,Gramínies,Fenàs de bosc,,,
37,1,1,Briza media,Gramináceas,Briza media,Gramínies,Begullet,https://elmedinaturaldelbages.cat/species/belluguet-o-bellugadis-briza-media/,,
502,8,1,Bryonia dioica,Cucurbitáceas,Bryonia cretica subsp. dioica,Cucurbitàcies,Carbassina,https://elmedinaturaldelbages.cat/species/carbassina-bryonia-cretica-ssp-dioica-b-dioica/,,
126,3,1,Bunias erucago,Crucíferas,Bunias erucago,Crucíferes,Mostallola,,,
372,6,1,Bupleurum angulosum,Umbelíferas,Bupleurum angulosum,Umbel·líferes,Bupleure angulós,https://elmedinaturaldelbages.cat/species/bupleurum-angulosum/,,
373,6,1,Bupleurum aristatum,Umbelíferas,Bupleurum baldense subsp. baldense ,Umbel·líferes,Inflabou baix,,,
374,6,1,Bupleurum fruticescens,Umbelíferas,Bupleurum fruticescens subsp. fruticescens,Umbel·líferes,Botja groga,https://elmedinaturaldelbages.cat/species/botja-groga-bupleurum-fruticescens-ssp-fruticescens/,,
375,6,1,Bupleurum fruticosum,Umbelíferas,Bupleurum fruticosum,Umbel·líferes,Matabou,https://elmedinaturaldelbages.cat/species/matabou-bupleurum-fruticosum/,,
376,6,1,Bupleurum rigidum ,Umbelíferas,Bupleurum rigidum ,Umbel·líferes,Orella de llebre,https://elmedinaturaldelbages.cat/species/orella-de-llebre-bupleurum-rigidum/,,
377,6,1,Bupleurum rotundifolium,Umbelíferas,Bupleurum rotundifolium,Umbel·líferes,Unflabou,,,
177,3,1,Buxus sempervirens,Buxáceas,Buxus sempervirens,Buxàcies,Boix,https://elmedinaturaldelbages.cat/species/boix-buxus-sempervirens/,,
515,9,1,Calendula arvensis ,Compuestas,Calendula arvensis ,Compostes,Calèndula silvestre,https://elmedinaturaldelbages.cat/species/boixac-de-camp-calendula-silvestre-calendula-arvensis/,,
516,9,1,Calendula officinalis,Compuestas,Calendula officinalis,Compostes,Calèndula,,,
352,6,1,Calystegia Sepium,Convolvuláceas,Calystegia sepium,Convolvulàcies,Corretjola gran,https://elmedinaturaldelbages.cat/species/corretjola-gran-calystegia-sepium-ssp-sepium/,,
127,3,1,Camelina silvestris,Crucíferas,Camelina sativa subsp. microcarpa ,Crucíferes,Camelina,,Identificació extreta d'Ensayo Fitotopográfico de Bages,
609,10,1,Campanula Erinus,Campanuláceas,Campanula erinus,Campanulàcies,Campaneta (Campanula erinus),,,
610,10,1,Campanula glomerata ,Campanuláceas,Campanula glomerata ,Campanulàcies,Campanes,https://elmedinaturaldelbages.cat/species/campaneta-campanula-glomerata/,,
611,10,2,Campanula persicifolia (1),Campanuláceas,Campanula persicifolia (1),Campanulàcies,Campaneta blava (1),https://elmedinaturaldelbages.cat/species/campaneta-blava-campanula-persicifolia/,,
,10,2,Campanula persicifolia (2),Campanuláceas,Campanula persicifolia (2),Campanulàcies,Campaneta blava (2),https://elmedinaturaldelbages.cat/species/campaneta-blava-campanula-persicifolia/,,
614,10,1,Campanula subpyrenaica,Campanuláceas,Campanula persicifolia (3),Campanulàcies,Campaneta blava (3),https://elmedinaturaldelbages.cat/species/campaneta-blava-campanula-persicifolia/,,
612,10,1,Campanula Rapunculus ,Campanuláceas,Campanula rapunculus ,Campanulàcies,Rapuncle,https://elmedinaturaldelbages.cat/species/repunxo-rapuncle-campanula-rapunculus/,,
613,10,1,Campanula rotundifolia,Campanuláceas,Campanula rotundifolia,Campanulàcies,Campaneta de fulla rodona,https://elmedinaturaldelbages.cat/species/campaneta-de-fulla-rodona-campanula-rotundifolia-ssp-catalanica/,,
608,10,1,Campanula affinis,Campanuláceas,Campanula speciosa subsp. affinis,Campanulàcies,Campaneta gran,https://elmedinaturaldelbages.cat/species/campaneta-gran-campanula-speciosa-ssp-affinis/,,
170,3,1,Capparis spinosa,Caparidáceaas,Capparis spinosa,Capparàcies,Taperera,,,
128,3,1,Capsella Bursa pastoris,Crucíferas,Capsella bursa-pastoris,Crucíferes,Bosses de pastor,https://elmedinaturaldelbages.cat/species/sarronets-o-bosses-de-pastor-capsella-bursa-pastoris/,,
129,3,1,Cardamine hirsuta,Crucíferas,Cardamine hirsuta,Crucíferes,Cardamina hirsuta,https://elmedinaturaldelbages.cat/species/cardamine-hirsuta/,,
517,9,1,Carduncellus monspeliensium ,Compuestas,Carduncellus monspelliensium ,Compostes,Card blau,https://elmedinaturaldelbages.cat/species/card-blau-escanyaboc-carduncellus-monspelliensium/,,
518,9,1,Cardus nigrescens,Compuestas,Carduus nigrescens,Compostes,Card negre,https://elmedinaturaldelbages.cat/species/card-negre-o-nigrescent-carduus-nigrescens-ssp-nigrescens/,,
2,1,1,Carex digitata ,Ciperáceas,Carex digitata ,Ciperàcies,Càrex digitat,https://elmedinaturaldelbages.cat/species/carex-digitata/,,
1,1,1,Carex chaetophylla,Ciperáceas,Carex divisa subsp. chaetophylla,Ciperàcies,Junca,https://elmedinaturaldelbages.cat/species/junca-carex-divisa/,,
3,1,1,Carex Halleriana ,Ciperáceas,Carex halleriana ,Ciperàcies,Càrex d'Haller,https://elmedinaturaldelbages.cat/species/carex-halleriana/,,
4,1,1,Carex humilis,Ciperáceas,Carex humilis,Ciperàcies,Càrex humil,,,
130,3,1,Carrichtera Vellae,Crucíferas,Carrichtera annua,Crucíferes,Pitanet,,,
519,9,1,Catananche coerulea ,Compuestas,Catananche caerulea ,Compostes,Cerverina,https://elmedinaturaldelbages.cat/species/cerverina-catananche-caerulea/,,
378,6,1,Caucalis daucoides,Umbelíferas,Caucalis platycarpos,Umbel·líferes,Cospí,https://elmedinaturaldelbages.cat/species/pedrosa-roseta-centranthus-calcitrapae/,,
112,2,1,Celtis australis ,Celtidáceas,Celtis australis ,Ulmàcies,Lledoner,https://elmedinaturaldelbages.cat/species/lledoner-celtis-australis/,,
521,9,1,Centaurea cyanus ,Compuestas,Centaurea cyanus ,Compostes,Blauet,https://elmedinaturaldelbages.cat/species/blavet-blauet-centaurea-cyanus/,,
522,9,1,Centaurea intybacea ,Compuestas,Centaurea intybacea ,Compostes,Bracera de roca,https://elmedinaturaldelbages.cat/species/centaurea-intybacea/,,
523,9,1,Centaurea linifolia,Compuestas,Centaurea linifolia,Compostes,Centàurea linifòlia,https://elmedinaturaldelbages.cat/species/centaurea-linifolia-centaurea-linifolia-ssp-linifolia/,,
524,9,1,Centaurea melitensis ,Compuestas,Centaurea melitensis ,Compostes,Oriola,https://elmedinaturaldelbages.cat/species/oriola-centaurea-melitensis/,,
520,9,1,Centaurea coerulescens,Compuestas,Centaurea paniculata subsp. hanrii,Compostes,Centàurea paniculada,https://elmedinaturaldelbages.cat/species/centaurea-paniculada-centaurea-paniculata-ssp-hanrii-c-hanrii-c-coerulescens/,,
525,9,1,Centaurea scabiosa,Compuestas,Centaurea scabiosa subsp. scabiosa,Compostes,Gratabous,https://elmedinaturaldelbages.cat/species/gratabous-centaurea-scabiosa-subsp-scabiosa/,,
606,10,1,Erythraea centaurium ,Gencianáceas,Centaurium erythraea,Gencianàcies,Centaura,https://elmedinaturaldelbages.cat/species/centaura-perico-vermell-centaurium-erythraea-c-umbellatum/,,
607,10,1,Erythraea pulchella ,Gencianáceas,Centaurium pulchellum,Gencianàcies,Centaura pulcra,https://elmedinaturaldelbages.cat/species/centaura-pulcra-centaurium-pulchellum/,,
496,8,1,Centranthus Calcitrapa,Valerianáceas,Centranthus calcitrapae ,Valerianàcies,Pedrosa,https://elmedinaturaldelbages.cat/species/pedrosa-roseta-centranthus-calcitrapae/,,
497,8,1,Centranthus ruber,Valerianáceas,Centranthus ruber,Valerianàcies,Herba de sant Jordi,https://elmedinaturaldelbages.cat/species/herba-de-sant-jordi-centranthus-ruber/,,
69,2,1,Cephalanthera ensifolia,Orquidáceas,Cephalanthera longifolia,Orquidàcies,Curraià blanc,https://elmedinaturaldelbages.cat/species/curraia-blanc-cephalanthera-longifolia/,,
70,2,1,Cephalanthera rubra ,Orquidáceas,Cephalanthera rubra ,Orquidàcies,Curraià vremell,https://elmedinaturaldelbages.cat/species/curraia-vermell-cephalanthera-rubra/,,
487,8,1,Cephalaria leucantha ,Dipsacáceas,Cephalaria leucantha ,Dipsacàcies,Escabiosa blanca,https://elmedinaturaldelbages.cat/species/atxa-escabiosa-blanca-cephalaria-leucantha/,,
316,5,1,Cerastium glomeratum ,Cariofiláceas,Cerastium glomeratum ,Cariofil·làcies,Cerasti,https://elmedinaturaldelbages.cat/species/cerasti-aglomerat-cerastium-glomeratum/,,
16,1,1,Ceterach officinarum,Polipodiáceas,Ceterach officinarum,Polipodiàcies,Dauradella (Ceterach officinarum),https://elmedinaturaldelbages.cat/species/dauradella-ceterach-officinarum/,,
430,7,1,Chaenorrhinum minus,Escrofulariáceas,Chaenorhinum minus subsp. minus,Escrofulariàcies,Matacabrit,,,
431,7,1,Chaenorrhinum flexuosum,Escrofulariáceas,Chaenorhinum origanifolium subsp. cadevallii,Escrofulariàcies,Linària origanifòlia,https://elmedinaturaldelbages.cat/species/linaria-origanifolia-chaenorhinum-origanifolium-ssp-cadevallii/,,
196,4,1,Cytisus Gallicus,Papilionáceas,Chamaecytisus supinus,Papilionàcies,Ginestola gàl·lica,https://elmedinaturaldelbages.cat/species/ginestola-gallica-chamaecytisus-supinus/,,
131,3,1,Cheiranthus Cheiri,Crucíferas,Cheiranthus cheiri,Crucíferes,Violer groc,,,
113,2,1,Chenopodium Botrys,Quenopodiáceas,Chenopodium botrys,Quenopodiàcies,Bodris,,,
114,2,1,Chenopodium vulvaria ,Quenopodiáceas,Chenopodium vulvaria ,Quenopodiàcies,Blet pudent,https://elmedinaturaldelbages.cat/species/blet-pudent-vulvaria-pixaca-chenopodium-vulvaria/,,
526,9,1,Chrysanthemum segetum,Compuestas,Chrysanthemum segetum,Compostes,Ull de bou,,,
527,9,1,Cichorium intybus ,Compuestas,Cichorium intybus ,Compostes,Xicoira,https://elmedinaturaldelbages.cat/species/xicoira-cichorium-intybus/,,
20,1,1,Cistus albidus ,Cistáceas,Cistus albidus ,Cistàcies,Estepa blanca,https://elmedinaturaldelbages.cat/species/estepa-blanca-cistus-albidus/,,
21,1,1,Cistus salviifolius ,Cistáceas,Cistus salviifolius ,Cistàcies,Estepa borrera,https://elmedinaturaldelbages.cat/species/estepa-borrera-cistus-salviifolius/,,
270,5,1,Clematis Flammula ,Ranunculáceas,Clematis flammula ,Ranunculàcies,Vidiella,https://elmedinaturaldelbages.cat/species/vidiella-clematis-flammula/,,
271,5,1,Clematis recta,Ranunculáceas,Clematis recta,Ranunculàcies,Vidalba recta,https://elmedinaturaldelbages.cat/species/vidalba-recta-herba-bormera-clematis-recta/,,
272,5,1,Clematis Vitalba,Ranunculáceas,Clematis vitalba,Ranunculàcies,Vidalba,https://elmedinaturaldelbages.cat/species/vidalba-clematis-vitalba/,,
132,3,1,Clypeola Jonthlaspi,Crucíferas,Clypeola jonthlaspi,Crucíferes,Crenolla de roca,,,
192,4,1,Colutea arborescens ,Papilionáceas,Colutea arborescens ,Papilionàcies,Espantallops,https://elmedinaturaldelbages.cat/species/espantallops-colutea-arborescens/,,
379,6,1,Conopodium ramosum,Umbelíferas,Conopodium majus subsp. ramosum,Umbel·líferes,Anyol,https://elmedinaturaldelbages.cat/species/anyol-castanya-de-terra-conopodium-majus-ssp-ramosum/,,
133,3,1,Conringia orientalis,Crucíferas,Conringia orientalis,Crucíferes,Conríngia,,,
353,6,1,Convolvulus arvensis ,Convolvuláceas,Convolvulus arvensis ,Convolvulàcies,Corretjola,https://elmedinaturaldelbages.cat/species/corretjola-convolvulus-arvensis/,,
354,6,1,Convolvulus cantabrica,Convolvuláceas,Convolvulus cantabrica,Convolvulàcies,Corretjola cantàbrica,https://elmedinaturaldelbages.cat/species/corretjola-cantabrica-convolvulus-cantabrica/,,
355,6,2,Convolvulus lanuginosus (1),Convolvuláceas,Convolvulus lanuginosus (1),Convolvulàcies,Campanera (1),https://elmedinaturaldelbages.cat/species/campanera-capdellada-convolvulus-lanuginosus/,,
,6,2,Convolvulus lanuginosus (2),Convolvuláceas,Convolvulus lanuginosus (2),Convolvulàcies,Campanera (2),https://elmedinaturaldelbages.cat/species/campanera-capdellada-convolvulus-lanuginosus/,,
356,6,1,Convolvulus lineatus,Convolvuláceas,Convolvulus lineatus,Convolvulàcies,Corrretjola ratllada,https://elmedinaturaldelbages.cat/species/corretjola-ratllada-convolvulus-lineatus/,,
528,9,1,Conyza ambigua,Compuestas,Erigeron bonariensis,Compostes,Erígeron cresp,https://elmedinaturaldelbages.cat/species/erigeron-cresp-erigeron-bonariensis/,,
533,9,1,Erigeron canadensis,Compuestas,Erigeron canadensis,Compostes,Erígeron canadenc,https://elmedinaturaldelbages.cat/species/erigeron-canadenc-erigeron-canadensis/,,
265,4,1,Coriaria myrtifolia,Coriariáceas,Coriaria myrtifolia,Coriariàcies,Roldor,https://elmedinaturaldelbages.cat/species/roldor-coriaria-myrtifolia/,,
595,10,1,Coris Monspeliensis,Primuláceas,Coris monspeliensis,Primulàcies,Pinzell (Coris monspeliensis),https://elmedinaturaldelbages.cat/species/pinell-pinzell-farigola-mascle-coris-monspeliensis/,,
394,6,1,Cornus sanguinea,Cornáceas,Cornus sanguinea,Cornàcies,Sanguinyol,https://elmedinaturaldelbages.cat/species/sanguinyol-cornus-sanguinea/,,
193,4,1,Coronilla Emerus,Papilionáceas,Coronilla emerus subsp. emerus,Papilionàcies,Coronil·la boscana,https://elmedinaturaldelbages.cat/species/coronilla-boscana-coronilla-emerus-subsp-emerus/,,
194,4,1,Coronilla minima,Papilionáceas,Coronilla minima,Papilionàcies,Coronil·la mínima,https://elmedinaturaldelbages.cat/species/coronilla-minima-coronilla-minima-ssp-lotoides/,,
195,4,1,Coronilla scorpioides ,Papilionáceas,Coronilla scorpioides ,Papilionàcies,Herba de l'escorpí,https://elmedinaturaldelbages.cat/species/herba-de-lescorpi-coronilla-scorpioides/,,
358,6,1,Crataegus monogyna,Pomáceas,Crataegus monogyna,Rosàcies,Arç blanc,https://elmedinaturaldelbages.cat/species/arc-blanc-crataegus-monogyna/,,
511,9,1,Barkhausia albida,Compuestas,Crepis albida,Compostes,Crepis,https://elmedinaturaldelbages.cat/species/crepis-albida/,,
512,9,1,Barkhausia taraxacifolia,Compuestas,Crepis vesicaria subsp. taraxacifolia,Compostes,Cap roig,https://elmedinaturaldelbages.cat/species/cap-roig-crepis-vesicaria-subsp-taraxacifolia/,,
483,8,1,Galium vernum ,Rubiáceas,Cruciata glabra,Rubiàcies,Te de bosc,https://elmedinaturaldelbages.cat/species/te-de-bosc-cruciata-glabra-galium-vernum/,,
529,9,1,Crupina vulgaris ,Compuestas,Crupina vulgaris ,Compostes,Crupina,https://elmedinaturaldelbages.cat/species/crupina-crupina-vulgaris/,,
464,7,1,Cuscuta Epithymum,Cuscutáceas,Cuscuta epithymum,Convolvulàcies,Cuscuta,https://elmedinaturaldelbages.cat/species/cuscuta-cabells-de-farigola-tinya-cuscuta-epithymum/,,
435,7,1,Linaria cymbalaria,Escrofulariáceas,Cymbalaria muralis,Escrofulariàcies,Picardia,https://elmedinaturaldelbages.cat/species/picardia-cymbalaria-muralis/,,
345,6,1,Cynanchum acutum,Asclepiadáceas,Cynanchum acutum,Asclepiadàcies,Matacà,https://elmedinaturaldelbages.cat/species/mataca-matagos-corretjola-borda-cynanchum-acutum/,,
38,1,1,Cynodon Dactylon,Gramináceas,Cynodon dactylon,Gramínies,Gram,https://elmedinaturaldelbages.cat/species/gram-cynodon-dactylon/,,
466,7,1,Cynoglossum Cheirifolium,Borragináceas,Cynoglossum cheirifolium,Boraginàcies,Besneula de fulla blanca,https://elmedinaturaldelbages.cat/species/besneula-de-fulla-blanca-cynoglossum-cheirifolium/,,
467,7,1,Cynoglossum pictum,Borragináceas,Cynoglossum creticum,Boraginàcies,Llengua de ca,https://elmedinaturaldelbages.cat/species/llengua-de-ca-besneula-cynoglossum-creticum/,,
39,1,1,Cynosurus echinatus,Gramináceas,Cynosurus echinatus,Gramínies,Cinosur,,,
5,1,1,Cyperus globosus,Ciperáceas,Cyperus flavidus,Ciperàcies,Cíperus globós,,,
6,1,1,Cyperus olivaris ,Ciperáceas,Cyperus rotundus ,Ciperàcies,Castanyola,https://elmedinaturaldelbages.cat/species/castanyola-cyperus-rotundus/,,
197,4,1,Cytisus sessilifolius,Papilionáceas,Cytisophyllum sessilifolium,Papilionàcies,Ginesta sessilifòlia,https://elmedinaturaldelbages.cat/species/ginesta-sessilifolia-cytisophyllum-sessilifolium/,,
92,2,1,Daphne Gnidium,Timeleáceas,Daphne gnidium,Timeleàcies,Matapoll,https://elmedinaturaldelbages.cat/species/matapoll-daphne-gnidium/,,
93,2,1,Daphne Laureola ,Timeleáceas,Daphne laureola ,Timeleàcies,Lloreret,https://elmedinaturaldelbages.cat/species/lloreret-daphne-laureola/,,
458,7,1,Datura stramonium,Solanáceas,Datura stramonium,Solanàcies,Estramoni,https://elmedinaturaldelbages.cat/species/estramoni-herba-talpera-datura-stramonium/,,
380,6,1,Daucus carota ,Umbelíferas,Daucus carota subsp. carota ,Umbel·líferes,Pastanaga borda,https://elmedinaturaldelbages.cat/species/pastanaga-borda-daucus-carota-ssp-carota/,,
381,6,1,Daucus maximus ,Umbelíferas,Daucus carota subsp. maximus ,Umbel·líferes,Pastanaga d'ase,,,
274,5,1,Delphinium elatum,Ranunculáceas,Delphinium elatum subsp. montanum,Ranunculàcies,Esperó de muntanya,,,
273,5,1,Delphinium cardiopetalum,Ranunculáceas,Delphinium peregrinum subsp. verdunense,Ranunculàcies,Esperó de cavaller,https://elmedinaturaldelbages.cat/species/espero-de-cavaller-banyeta-delphinium-peregrinum-d-halteratum-ssp-verdunense/,,
275,5,1,Delphinium pubescens,Ranunculáceas,Delphinium pubescens,Ranunculàcies,Pelicans,,,
317,5,1,Dianthus caryophillus,Cariofiláceas,Dianthus caryophyllus,Cariofil·làcies,Clavellina,,,
31,1,1,Andropogon  Ischaemum,Gramináceas,Dichanthium ischaemum,Gramínies,Albellatge fasciculat,https://elmedinaturaldelbages.cat/species/albellatge-fasciculat-dichanthium-ischaemum/,,
432,7,1,Digitalis lutea ,Escrofulariáceas,Digitalis lutea ,Escrofulariàcies,Didalera groga,https://elmedinaturaldelbages.cat/species/didalera-groga-digitalis-lutea/,,
61,1,1,Uropetalum serotinum,Liliáceas,Dipcadi serotinum,Liliàcies,Marcet,https://elmedinaturaldelbages.cat/species/marcet-dipcadi-serotinum/,,
134,3,1,Diplotaxis erucoides ,Crucíferas,Diplotaxis erucoides ,Crucíferes,Ravenissa blanca,https://elmedinaturaldelbages.cat/species/ravenissa-blanca-diplotaxis-erucoides/,,
135,3,1,Diplotaxis tenuifolia,Crucíferas,Diplotaxis tenuifolia,Crucíferes,Crèspol,,,
530,9,1,Doronicum cordatum ,Compuestas,Doronicum pardalianches,Compostes,Dorònic,https://elmedinaturaldelbages.cat/species/doronic-cordat-doronicum-pardalianches/,,
198,4,1,Dorycnium sufruticosum ,Papilionáceas,Dorycnium pentaphyllum subsp. pentaphyllum,Papilionàcies,Botja d'escombres,https://elmedinaturaldelbages.cat/species/botja-descombres-dorycnium-pentaphyllum-subsp-pentaphyllum/,,
136,3,1,Draba muralis,Crucíferas,Draba muralis,Crucíferes,Draba de paret,,,
531,9,1,Echinops ritro,Compuestas,Echinops ritro subsp. ritro,Compostes,Panical blau,https://elmedinaturaldelbages.cat/species/panical-blau-echinops-ritro-subsp-ritro/,,
469,7,1,Echium vulgare,Borragináceas,Echium vulgare,Boraginàcies,Llengua de bou,https://elmedinaturaldelbages.cat/species/llengua-de-bou-echium-vulgare-ssp-argentae/,,
7,1,1,Heleocharis palustris,Ciperáceas,Eleocharis palustris,Ciperàcies,Escirp de marjals,,,
344,6,1,Epilobium hirsutum ,Enoteráceas,Epilobium hirsutum ,Onagràcies,Niella de rec,https://elmedinaturaldelbages.cat/species/matajaia-niella-de-rec-epilobium-hirsutum/,,
71,2,1,Epipactis latifolia,Orquidáceas,Epipactis helleborine ,Orquidàcies,Epipactis de fulla ampla,https://elmedinaturaldelbages.cat/species/epipactis-de-fulla-ampla-epipactis-helleborine-ssp-tremolsii/,,
72,2,1,Epipactis palustris,Orquidáceas,Epipactis palustris,Orquidàcies,Epipactis palustre,,,
40,1,1,Eragrostis poaeoides,Gramináceas,Eragrostis minor,Gramínies,Eragrostis menuda,,,
584,10,1,Erica arborea,Ericáceas,Erica arborea,Ericàcies,Bruc,https://elmedinaturaldelbages.cat/species/bruc-boal-erica-arborea/,,
585,10,1,Erica multiflora,Ericáceas,Erica multiflora,Ericàcies,Bruc d'hivern,https://elmedinaturaldelbages.cat/species/bruc-dhivern-erica-multiflora/,,
532,9,1,Erigeron acris,Compuestas,Erigeron acer,Compostes,Erígeron acre,https://elmedinaturaldelbages.cat/species/erigeron-erigeron-acer/,,
433,7,1,Erinus Alpinus ,Escrofulariáceas,Erinus alpinus ,Escrofulariàcies,Erinus,https://elmedinaturaldelbages.cat/species/erinus-erinus-alpinus/,,
296,5,1,Erodium supracanum,Geraniáceas,Erodium foetidum subsp. rupestre,Geraniàcies,Cargola de roca de Montserrat,https://elmedinaturaldelbages.cat/species/cargola-de-roca-de-montserrat-erodium-foetidum-ssp-rupestre/,,
295,5,1,Erodium malacoides ,Geraniáceas,Erodium malacoides ,Geraniàcies,Filamaria,https://elmedinaturaldelbages.cat/species/filamaria-erodium-malacoides/,,
137,3,1,Erophila verna,Crucíferas,Erophila verna,Crucíferes,Eròfila,https://elmedinaturaldelbages.cat/species/erofila-erophila-verna/,,
138,3,1,Erucastrum obtusangulum,Crucíferas,Erucastrum nasturtiifolium subsp. nasturtiifolium,Crucíferes,Ravenissa groga,https://elmedinaturaldelbages.cat/species/ravenissa-groga-erucastrum-nasturtiifolium-ssp-nasturtiifolium/,,
139,3,1,Erysimum australe,Crucíferas,Erysimum grandiflorum,Crucíferes,Erísim de flor gran,https://elmedinaturaldelbages.cat/species/erisim-de-flor-gran-erysimum-grandiflorum/,,
534,9,1,Eupatorium cannabinum,Compuestas,Eupatorium cannabinum subsp. cannabinum,Compostes,Canabassa,https://elmedinaturaldelbages.cat/species/canabassa-eupatorium-cannabinum-subsp-cannabinum/,,
156,3,1,Euphorbia amygdaloides,Euforbiáceas,Euphorbia amygdaloides subsp. amygdaloides,Euforbiàcies,Lleteresa de bosc,https://elmedinaturaldelbages.cat/species/lleteresa-de-bosc-euphorbia-amygdaloides-subsp-amygdaloides/,,
157,3,1,Euphorbia Chamaesyce,Euforbiáceas,Euphorbia chamaesyce subsp. chamaesyce,Euforbiàcies,Lleteresa prostrada,https://elmedinaturaldelbages.cat/species/euphorbia-chamaesyce-euphorbia-chamaesyce-subsp-chamaesyce/,,
158,3,1,Euphorbia Characias,Euforbiáceas,Euphorbia characias subsp. characias,Euforbiàcies,Lleteresa vera,https://elmedinaturaldelbages.cat/species/lleteresa-vera-vesquera-euphorbia-characias-subsp-characias/,,
159,3,1,Euphorbia Cyparissias ,Euforbiáceas,Euphorbia cyparissias ,Euforbiàcies,Lleteresa de fulla estreta,https://elmedinaturaldelbages.cat/species/lleteresa-de-fulla-estreta-euphorbia-cyparissias/,,
160,3,1,Euphorbia esula,Euforbiáceas,Euphorbia esula subsp. saratoi,Euforbiàcies,Lleteresa de séquia,,,
161,3,1,Euphorbia exigua,Euforbiáceas,Euphorbia exigua subsp. exigua,Euforbiàcies,Lleterola exígua,,,
162,3,1,Euphorbia falcata,Euforbiáceas,Euphorbia falcata,Euforbiàcies,Lleteresa falcada,,,
163,3,1,Euphorbia Nicaensis,Euforbiáceas,Euphorbia nicaeensis subsp. nicaeensis,Euforbiàcies,Lleteresa nicenca,https://elmedinaturaldelbages.cat/species/lleteresa-nicenca-lletera-nicenca-euphorbia-nicaeensis/,,
164,3,1,Euphorbia Peplus ,Euforbiáceas,Euphorbia peplus ,Euforbiàcies,Herba de llet,https://elmedinaturaldelbages.cat/species/lleterola-peplus-euphorbia-peplus/,,
165,3,1,Euphorbia segetalis,Euforbiáceas,Euphorbia segetalis subsp. segetalis ,Euforbiàcies,Lleteresa de camp,https://elmedinaturaldelbages.cat/species/lleteresa-de-camp-euphorbia-segetalis-ssp-segetalis/,,
166,3,1,Euphorbia serrata,Euforbiáceas,Euphorbia serrata,Euforbiàcies,Lleteresa serrada,https://elmedinaturaldelbages.cat/species/lleteresa-serrada-lletera-serrada-euphorbia-serrata/,,
434,7,1,Euphrasia pectinata,Escrofulariáceas,Euphrasia stricta subsp. pectinata,Escrofulariàcies,Eufràsia,,,
535,9,1,Filago Germanica,Compuestas,Filago pyramidata,Compostes,Herba cotonera,https://elmedinaturaldelbages.cat/species/herba-del-borm-herba-cotonera-filago-pyramidata/,,
362,6,1,Fragaria vesca,Rosáceas,Fragaria vesca,Rosàcies,Maduixera,https://elmedinaturaldelbages.cat/species/maduixera-fragaria-vesca/,,
54,1,1,Fritillaria Boissieri ,Liliáceas,Fritillaria pyrenaica subsp. boissieri ,Liliàcies,Fritil·lària,https://elmedinaturaldelbages.cat/species/fritillaria-fritillaria-pyrenaica/,,
256,4,1,Fumaria agraria,Fumariáceas,Fumaria agraria,Papaveràcies,Colomina,,,
257,4,1,Fumaria capreolata ,Fumariáceas,Fumaria capreolata ,Papaveràcies,Fumària enfiladissa,https://elmedinaturaldelbages.cat/species/fumaria-enfiladissa-fumaria-capreolata/,,
258,4,1,Fumaria densiflora,Fumariáceas,Fumaria densiflora,Papaveràcies,Conillets (Fumaria densiflora),,,
259,4,1,Fumaria officinalis ,Fumariáceas,Fumaria officinalis ,Papaveràcies,Fumària oficinal,https://elmedinaturaldelbages.cat/species/fumaria-oficinal-fumaria-officinalis/,,
260,4,1,Fumaria parviflora ,Fumariáceas,Fumaria parviflora ,Papaveràcies,Fumària de flor menuda,,,
405,7,1,Galeopsis Ladanum,Labiadas,Galeopsis ladanum,Labiades,Galeopsis,,,
481,8,1,Galium Aparine ,Rubiáceas,Galium aparine ,Rubiàcies,Apegalosa,https://elmedinaturaldelbages.cat/species/apegalos-o-apegalosa-galium-aparine/,,
482,8,1,Galium maritimum,Rubiáceas,Galium maritimum,Rubiàcies,Llàgrimes d'ase,,,
484,8,1,Galium verum,Rubiáceas,Galium verum subsp. verum,Rubiàcies,Espunyidella groga,https://elmedinaturaldelbages.cat/species/espunyidella-groga-galium-verum-subsp-verum/,,
201,4,1,Genista cinerea,Papilionáceas,Genista cinerea,Papilionàcies,Ginestell,https://elmedinaturaldelbages.cat/species/ginestell-genista-cinerea-ssp-ausetana/,,
202,4,1,Genista Hispanica ,Papilionáceas,Genista hispanica ,Papilionàcies,Argelagó,https://elmedinaturaldelbages.cat/species/argelago-ginesta-cascaula-genista-hispanica/,,
297,5,1,Geranium columbinum,Geraniáceas,Geranium columbinum,Geraniàcies,Gerani de colom,https://elmedinaturaldelbages.cat/species/gerani-de-colom-geranium-columbinum/,,
298,5,1,Geranium dissectum,Geraniáceas,Geranium dissectum,Geraniàcies,Gerani de fulles retallades,https://elmedinaturaldelbages.cat/species/gerani-de-fulles-retallades-geranium-dissectum/,,
299,5,1,Geranium lucidum,Geraniáceas,Geranium lucidum,Geraniàcies,Gerani lluent,,,
300,5,1,Geranium molle ,Geraniáceas,Geranium molle ,Geraniàcies,Suassana blanca,https://elmedinaturaldelbages.cat/species/suassana-blana-geranium-molle/,,
301,5,1,Geranium rotundifolium,Geraniáceas,Geranium rotundifolium,Geraniàcies,Suassana,,,
302,5,1,Geranium sanguineum ,Geraniáceas,Geranium sanguineum ,Geraniàcies,Gerani sanguini,https://elmedinaturaldelbages.cat/species/gerani-sanguini-geranium-sanguineum/,,
363,6,1,Geum urbanum,Rosáceas,Geum urbanum,Rosàcies,Herba de sant Benet,https://elmedinaturaldelbages.cat/species/herba-de-sant-benet-geum-urbanum/,,
88,2,1,Gladiolus Illyricus,Iridáceas,Gladiolus illyricus,Iridàcies,Gladiol,https://elmedinaturaldelbages.cat/species/gladiol-espaseta-coltell-gladiolus-illyricus-g-communis-ssp-illyricus/,,
252,4,1,Glaucium luteum,Papaveráceas,Glaucium flavum,Papaveràcies,Cascall marí,,,
586,10,1,Globularia Alypum,Globulariáceas,Globularia alypum,Globulariàcies,Foixarda,https://elmedinaturaldelbages.cat/species/foixarda-globularia-alypum/,,
587,10,1,Globularia nana,Globulariáceas,Globularia cordifolia subsp.repens,Globulariàcies,Lluqueta de roca,https://elmedinaturaldelbages.cat/species/lluqueta-de-roca-globularia-cordifolia-ssp-repens/,,
588,10,1,Globularia vulgaris,Globulariáceas,Globularia vulgaris,Globulariàcies,Senet de pobre,https://elmedinaturaldelbages.cat/species/senet-de-pobre-globularia-vulgaris/,,
536,9,1,Gnaphalium luteo-album,Compuestas,Gnaphalium luteo-album,Compostes,Borrosa,,,
79,2,1,Orchis conopsea,Orquidáceas,Gymnadenia conopsea,Orquidàcies,Caputxina olorosa,https://elmedinaturaldelbages.cat/species/caputxina-olorosa-gymnadenia-conopsea-orchis-conopsea/,,
266,4,1,Haplophyllum Hispanicum,Rutáceas,Haplophyllum linifolium,Rutàcies,Absenta,,No retrobada; extingida a la comarca com temia PFQ,
203,4,1,Hedysarum humile,Papilionáceas,Hedysarum boveanum subsp. europaeum,Papilionàcies,Estaca-rossí,https://elmedinaturaldelbages.cat/species/estaca-rossi-hedysarum-boveanum-ssp-europaeum-h-confertum-h-humile/,,
22,1,1,Helianthemum vulgare,Cistáceas,Helianthemum nummularium,Cistàcies,Herba perdiuenca,https://elmedinaturaldelbages.cat/species/herba-perdiuenca-helianthemum-nummularium/,,
537,9,1,Helichryson Stoechas ,Compuestas,Helichrysum stoechas ,Compostes,Sempreviva,https://elmedinaturaldelbages.cat/species/sempreviva-helichrysum-stoechas/,,
470,7,1,Heliotropium europaeum ,Borragináceas,Heliotropium europaeum ,Boraginàcies,Herba berruguera,https://elmedinaturaldelbages.cat/species/herba-berruguera-heliotropium-europaeum/,,
277,5,1,Helleborus foetidus,Ranunculáceas,Helleborus foetidus,Ranunculàcies,Marxívol,https://elmedinaturaldelbages.cat/species/marxivol-helleborus-foetidus/,,
278,5,1,Helleborus viridis,Ranunculáceas,Helleborus viridis,Ranunculàcies,El·lèbor verd,https://elmedinaturaldelbages.cat/species/ellebor-verd-helleborus-viridis/,,
96,2,1,Herniaria glabra ,Paroniquináceas,Herniaria glabra ,Cariofil·làcies,Trencapedra,https://elmedinaturaldelbages.cat/species/herniaria-trencapedra-herniaria-glabra/,,
97,2,1,Herniaria hirsuta,Paroniquináceas,Herniaria hirsuta,Cariofil·làcies,Trencapedra peluda,https://elmedinaturaldelbages.cat/species/trencapedra-peluda-herba-del-mal-de-pedra-herniaria-hirsuta-subsp-cinerea/,,
538,9,1,Hieracium murorum,Compuestas,Hieracium murorum,Compostes,Herba de l'esparver,,,
539,9,1,Hieracium pillosella,Compuestas,Hieracium pilosella,Compostes,Pelosella,,,
205,4,1,Hippocrepis glauca,Papilionáceas,Hippocrepis comosa subsp. scorpioides,Papilionàcies,Desferracavalls (Hippocrepis comosa),,,
204,4,1,Hippocrepis ciliata,Papilionáceas,Hippocrepis multisiliquosa subsp. ciliata,Papilionàcies,Desferracavalls (Hippocrepis multisiliquosa),https://elmedinaturaldelbages.cat/species/desferracavalls-hippocrepis-ciliata/,,
140,3,1,Hutchinsia petraea,Crucíferas,Hornungia petraea,Crucíferes,Hutquínsia pètria,https://elmedinaturaldelbages.cat/species/hutchinsia-petraea-hornungia-petraea-ssp-petraea-hutchinsia-petraea-ssp-petraea/,,
459,7,1,Hyosciamus albus,Solanáceas,Hyoscyamus albus,Solanàcies,Jusquiam blanc,https://elmedinaturaldelbages.cat/species/jusquiam-blanc-hyoscyamus-albus/,,
460,7,1,Hyosciamus niger,Solanáceas,Hyoscyamus niger,Solanàcies,Jusquiam negre,https://elmedinaturaldelbages.cat/species/jusquiam-negre-hyoscyamus-niger/,,
30,1,1,Andropogon hirtum,Gramináceas,Hyparrhenia hirta subsp. hirta,Gramínies,Albellatge,,,
32,1,1,Andropogon pubescens,Gramináceas,Hyparrhenia hirta subsp. pubescens,Gramínies,Albellatge de fulla estreta,https://elmedinaturaldelbages.cat/species/albellatge-hyparrhenia-hirta-ssp-pubescens/,,
261,4,1,Hypecoum grandiflorum,Fumariáceas,Hypecoum procumbens subsp. grandiflorum,Papaveràcies,Ballarida,https://elmedinaturaldelbages.cat/species/ballarida-hypecoum-procumbens-ssp-grandiflorum/,,
171,3,1,Androsaemum officinale,Hipericáceas,Hypericum androsaemum,Gutíferes,Orval,https://elmedinaturaldelbages.cat/species/orval-hypericum-androsaemum/,,
172,3,1,Hypericum hirsutum,Hipericáceas,Hypericum hirsutum,Gutíferes,Hipèric hirsut,,,
173,3,1,Hypericum montanum,Hipericáceas,Hypericum montanum,Gutíferes,Pericó (Hypericum montanum),,,
174,3,1,Hypericum perforatum ,Hipericáceas,Hypericum perforatum ,Gutíferes,Pericó (Hypericum perforatum),https://elmedinaturaldelbages.cat/species/perico-herba-foradada-hypericum-perforatum/,,
175,3,1,Hypericum tetrapterum,Hipericáceas,Hypericum tetrapterum subsp. tetrapterum,Gutíferes,Pericó alat,,,
540,9,1,Hypochoeris radicata,Compuestas,Hypochoeris radicata,Compostes,Peluda,https://elmedinaturaldelbages.cat/species/peluda-hypochoeris-radicata/,,
141,3,1,Iberis amara,Crucíferas,Iberis amara,Crucíferes,Matablat,,,
541,9,1,Inula coniza,Compuestas,Inula conyza,Compostes,Ínula coniza,https://elmedinaturaldelbages.cat/species/inula-conyza/,,
542,9,1,Inula graveolens,Compuestas,Inula graveolens,Compostes,Olivardó,,,
543,9,1,Inula helenioides ,Compuestas,Inula helenioides ,Compostes,Ala de corb,https://elmedinaturaldelbages.cat/species/inula-helenioide-inula-helenioides/,,
544,9,1,Inula montana,Compuestas,Inula montana,Compostes,Ínula de muntanya,https://elmedinaturaldelbages.cat/species/inula-montana-herba-del-mal-estrany-inula-montana/,,
545,9,1,Inula salicina ,Compuestas,Inula salicina ,Compostes,Àrnica,https://elmedinaturaldelbages.cat/species/inula-salicina/,,
546,9,1,Inula viscosa,Compuestas,Inula viscosa,Compostes,Olivarda,https://elmedinaturaldelbages.cat/species/olivarda-inula-viscosa-dittrichia-viscosa/,,
89,2,1,Iris germanica ,Iridáceas,Iris germanica ,Iridàcies,Lliri blau,https://elmedinaturaldelbages.cat/species/lliri-blau-iris-germanica/,,
615,10,1,Jasione montana,Campanuláceas,Jasione montana,Campanulàces,Guaridora de muntanya,,,
340,6,1,Jasminum officinale,Oleáceas,Jasminum officinale,Oleàcies,Llessamí,,Subespontània,
547,9,1,Jasonia glutinosa ,Compuestas,Jasonia saxatilis ,Compostes,Te de roca,https://elmedinaturaldelbages.cat/species/te-de-roca-jasonia-saxatilis/,,
548,9,1,Jasonia tuberosa ,Compuestas,Jasonia tuberosa ,Compostes,Rabasseta,https://elmedinaturaldelbages.cat/species/rabasseta-jasonia-tuberosa-jasonia-tuberosa/,,
63,1,1,Juncus lamprocarpus,Juncáceas,Juncus articulatus,Juncàcies,Jonquet articulat,https://elmedinaturaldelbages.cat/species/jonquet-articulat-juncus-articulatus/,,
62,1,1,Juncus glaucus,Juncáceas,Juncus inflexus,Juncàcies,Jonquina,https://elmedinaturaldelbages.cat/species/jonquina-juncus-inflexus/,,
489,8,1,Trichera arvensis,Dipsacáceas,Knautia arvensis,Dipsacàcies,Vídues bordes,https://elmedinaturaldelbages.cat/species/escabiosa-borda-knautia-arvensis-subsp-subscaposa/,,
550,9,1,Lactuca scariola ,Compuestas,Lactuca serriola,Compostes,Enciam bord (Lactuca serriola),https://elmedinaturaldelbages.cat/species/enciam-bord-lactuca-serriola/,,
551,9,1,Lactuca tenerrima ,Compuestas,Lactuca tenerrima ,Compostes,Enciam bord (Lactuca tenerrima),https://elmedinaturaldelbages.cat/species/lactuca-tenerrima/,,
552,9,1,Lactuca viminea ,Compuestas,Lactuca viminea ,Compostes,Enciam bord (Lactuca vinimea),,,
406,7,1,Lamium amplexicaule ,Labiadas,Lamium amplexicaule ,Labiades,Flor robí,https://elmedinaturaldelbages.cat/species/flor-robi-lamium-amplexicaule/,,
407,7,1,Lamium flexuosum,Labiadas,Lamium flexuosum,Labiades,Ortiga borda,https://elmedinaturaldelbages.cat/species/ortiga-borda-lamium-flexuosum/,,
408,7,1,Lamium incisum,Labiadas,Lamium purpureum ,Labiades,Lami purpuri,,,
468,7,1,Echinospermum Lappula ,Borragináceas,Lappula squarrosa,Boraginàcies,Làpula,,,
553,9,1,Lapsana communis,Compuestas,Lapsana communis subsp. communis,Compostes,Herba de les mamelles,https://elmedinaturaldelbages.cat/species/lampsana-lapsana-communis/,,
382,6,1,Laserpitium gallicum ,Umbelíferas,Laserpitium gallicum ,Umbel·líferes,Viliandre,https://elmedinaturaldelbages.cat/species/viliandre-laserpitium-gallicum/,,
206,4,1,Lathyrus Aphaca ,Papilionáceas,Lathyrus aphaca ,Papilionàcies,Gerdell,,,
208,4,1,Lathyrus Cicera ,Papilionáceas,Lathyrus cicera ,Papilionàcies,Guixó cigronenc,https://elmedinaturaldelbages.cat/species/guixo-cigronenc-lathyrus-cicera/,,
207,4,1,Lathyrus canescens,Papilionáceas,Lathyrus filiformis,Papilionàcies,Guixó filiforme,https://elmedinaturaldelbages.cat/species/guixo-filiforme-lathyrus-filiformis/,,
209,4,1,Lathyrus latifolius,Papilionáceas,Lathyrus latifolius,Papilionàcies,Pèsol bord,https://elmedinaturaldelbages.cat/species/pesol-bord-lathyrus-latifolius/,,
210,4,1,Lathyrus pratensis ,Papilionáceas,Lathyrus pratensis ,Papilionàcies,Gerdell bord,,,
211,4,1,Lathyrus sphaericus ,Papilionáceas,Lathyrus sphaericus ,Papilionàcies,Guixó,,,
409,7,1,Lavandula latifolia ,Labiadas,Lavandula latifolia ,Labiades,Espígol,https://elmedinaturaldelbages.cat/species/espigol-comu-barballo-lavandula-latifolia/,,
578,9,1,Thrincia hispida,Compuestas,Leontodon taraxacoides subsp. hispidus,Compostes,Morro de porcell,https://elmedinaturaldelbages.cat/species/morro-de-porcell-leontodon-taraxacoides-ssp-hispidus-l-saxatilis/,,
142,3,1,Lepidium campestre,Crucíferas,Lepidium campestre,Crucíferes,Coletes,,,
143,3,1,Lepidium Draba,Crucíferas,Lepidium draba subsp. draba,Crucíferes,Bàbol,https://elmedinaturaldelbages.cat/species/babol-lepidium-draba-ssp-draba/,,
554,9,1,Leucanthemum vulgare,Compuestas,Leucanthemum vulgare,Compostes,Margarida de prat,https://elmedinaturaldelbages.cat/species/margarida-de-prat-leucanthemum-vulgare-subsp-pallens/,,
555,9,1,Leuzea conifera ,Compuestas,Leuzea conifera ,Compostes,Pinya de sant Joan,https://elmedinaturaldelbages.cat/species/pinya-de-sant-joan-leuzea-conifera/,,
341,6,1,Ligustrum vulgare,Oleáceas,Ligustrum vulgare,Oleàcies,Olivereta,https://elmedinaturaldelbages.cat/species/olivereta-ligustrum-vulgare/,,
55,1,1,Lilium martagon ,Liliáceas,Lilium martagon ,Liliàcies,Marcòlic,https://elmedinaturaldelbages.cat/species/marcolic-lilium-martagon/,,
616,10,1,Statice salsuginosa,Plumbagináceas,Limonium supinum,Plumbaginàcies,Nebulosa,https://elmedinaturaldelbages.cat/species/nebulosa-limonium-hibericum-l-catalaunicum-ssp-procerum/,Segurament és Limonium hibericum,
436,7,1,Linaria micrantha,Escrofulariáceas,Linaria arvensis subsp. micrantha,Escrofulariàcies,Linària,,,
437,7,1,Linaria simplex,Escrofulariáceas,Linaria arvensis subsp. simplex,Escrofulariàcies,Linària simple,,,
438,7,1,Linaria supina,Escrofulariáceas,Linaria supina,Escrofulariàcies,Violeta de pastor,https://elmedinaturaldelbages.cat/species/linaria-supina-violeta-de-pastor-linaria-supina/,,
304,5,1,Linum campanulatum,Lináceas,Linum campanulatum,Linàcies,Lli campanulat,https://elmedinaturaldelbages.cat/species/lli-campanulat-linum-campanulatum/,,
305,5,1,Linum catharticum,Lináceas,Linum catharticum,Linàcies,Lli catàrtic,,,
306,5,1,Linum maritimum,Lináceas,Linum maritimum,Linàcies,Lli marítim,,,
307,5,1,Linum Narbonense,Lináceas,Linum narbonense,Linàcies,Lli de Narbona,https://elmedinaturaldelbages.cat/species/lli-de-narbona-linum-narbonense/,,
309,5,1,Linum strictum ,Lináceas,Linum strictum ,Linàcies,Llinet estricte,https://elmedinaturaldelbages.cat/species/llinet-estricte-linum-strictum/,,
308,5,1,Linum salsoloides,Lináceas,Linum tenuifolium subsp. salsoloides,Linàcies,Lli blanc menut,https://elmedinaturaldelbages.cat/species/lli-blanc-menut-linum-tenuifolium-ssp-milletii/,Segurament és Linum tenuifolium subsp. milletii,
303,5,1,Linum angustifolium,Lináceas,Linum usitatissimum subsp. angustifolium,Linàcies,Lli de prat,https://elmedinaturaldelbages.cat/species/lli-de-prat-linum-usitatissimum-ssp-angustifolium/,,
310,5,1,Linum viscosum ,Lináceas,Linum viscosum ,Linàcies,Lli viscós,https://elmedinaturaldelbages.cat/species/lli-viscos-linum-viscosum/,,
617,10,1,Lippia nodiflora,Verbenáceas,Lippia nodiflora,Verbenàcies ,Berbena de nucs florits,,,
471,7,1,Lithospermum arvense ,Borragináceas,Lithospermum arvense ,Boraginàcies,Mill del sol petit,https://elmedinaturaldelbages.cat/species/mill-del-sol-petit-lithospermum-arvense/,,
472,7,1,Lithospermum fruticosum ,Borragináceas,Lithospermum fruticosum ,Boraginàcies,Sanguinària,https://elmedinaturaldelbages.cat/species/sanguinaria-lithospermum-fruticosum/,,
473,7,1,Lithospermum officinale ,Borragináceas,Lithospermum officinale ,Boraginàcies,Mill del sol,https://elmedinaturaldelbages.cat/species/mill-del-sol-lithospermum-officinale/,,
474,7,1,Lithospermum purpuro-caeruleum ,Borragináceas,Lithospermum purpurocaeruleum ,Boraginàcies,Mill gruà,https://elmedinaturaldelbages.cat/species/mill-grua-lithospermum-purpurocaeruleum/,,
490,8,1,Lonicera Etrusca,Caprifoliáceas,Lonicera etrusca,Caprifoliàcies,Lligabosc etrusc,https://elmedinaturaldelbages.cat/species/lligabosc-estrusc-lonicera-etrusca/,,
491,8,1,Lonicera Pyrenaica ,Caprifoliáceas,Lonicera pyrenaica ,Caprifoliàcies,Xuclamel de roca,https://elmedinaturaldelbages.cat/species/xuclamel-de-roca-lonicera-pyrenaica/,,
492,8,1,Lonicera Xilosteum,Caprifoliáceas,Lonicera xylosteum,Caprifoliàcies,Xuclamel santjoaner,https://elmedinaturaldelbages.cat/species/xuclamel-santjoaner-lonicera-xylosteum/,,
144,3,1,Lunaria biennis ,Crucíferas,Lunaria annua,Crucíferes,Herba de plata,https://elmedinaturaldelbages.cat/species/seti-herba-de-plata-o-llunetes-lunaria-annua-l-biennis/,,
64,1,1,Luzula campestris,Juncáceas,Luzula campestris,Juncàcies,Lúzula campestre,,,
65,1,1,Luzula Forsteri,Juncáceas,Luzula forsteri,Juncàcies,Lúzula de Forster,https://elmedinaturaldelbages.cat/species/luzula-forsteri/,,
410,7,1,Lycopus europaeus ,Labiadas,Lycopus europaeus ,Labiades,Malrubí d'aigua,https://elmedinaturaldelbages.cat/species/malrubi-daigua-lycopus-europaeus/,,
596,10,1,Lysimachia Ephemerum ,Primuláceas,Lysimachia ephemerum ,Primulàcies,Lisimàquia blanca,https://elmedinaturaldelbages.cat/species/lisimaquia-blanca-o-de-jonquera-lysimachia-ephemerum/,,
264,4,1,Lythrum salicaria,Litráceas,Lythrum salicaria,Litràcies,Salicària,https://elmedinaturaldelbages.cat/species/salicaria-lythrum-salicaria/,,
145,3,1,Malcolmia Africana,Crucíferas,Malcolmia africana,Crucíferes,Malcòlmia africana,https://elmedinaturaldelbages.cat/species/malcolmia-africana/,,
179,3,1,Malva rotundifolia,Malváceas,Malva neglecta,Malvàcies,Malva de fulla rodona,,,
180,3,1,Malva silvestris,Malváceas,Malva sylvestris,Malvàcies,Malva,https://elmedinaturaldelbages.cat/species/malva-malva-sylvestris/,,
557,9,1,Microlonchus Clusii,Compuestas,Mantisalca salmantica,Compostes,Herba escombrera,https://elmedinaturaldelbages.cat/species/herba-escombrera-mantisalca-salmantica/,,
411,7,1,Marrubium vulgare ,Labiadas,Marrubium vulgare ,Labiades,Malrubí,https://elmedinaturaldelbages.cat/species/malrubi-marrubium-vulgare/,,
556,9,1,Matricaria chamomilla,Compuestas,Matricaria recutita,Compostes,Camamilla (Matricaria recutita),https://elmedinaturaldelbages.cat/species/camamilla-matricaria-recutita/,,
146,3,1,Mathiola tristis,Crucíferas,Matthiola fruticulosa,Crucíferes,Violer trist,,,
214,4,1,Medicago maculata,Papilionáceas,Medicago arabica,Papilionàcies,Herba de la taca,https://elmedinaturaldelbages.cat/species/herba-de-la-taca-medicago-arabica/,,
213,4,1,Medicago lupulina,Papilionáceas,Medicago lupulina,Papilionàcies,Melgó menut,https://elmedinaturaldelbages.cat/species/melgo-menut-medicago-lupulina/,,
215,4,2,Medicago minima (1),Papilionáceas,Medicago minima (1),Papilionàcies,Melgó (Medicago minima) (1),,,
,4,2,Medicago minima (2),Papilionáceas,Medicago minima (2),Papilionàcies,Melgó (Medicago minima) (2),,,
220,4,1,Medicago polymorpha,Papilionáceas,Medicago nigra,Papilionàcies,Melgó de llapassa,https://elmedinaturaldelbages.cat/species/melgo-de-llapassa-medicago-polymorpha-m-nigra/,Esperem haver interpretat bé el nom manuscrit,
216,4,1,Medicago orbicularis,Papilionáceas,Medicago orbicularis,Papilionàcies,Melgó d'acordions,https://elmedinaturaldelbages.cat/species/melgo-dacordions-medicago-orbicularis/,,
217,4,1,Medicago sativa,Papilionáceas,Medicago sativa,Papilionàcies,Alfals,https://elmedinaturaldelbages.cat/species/alfals-userda-medicago-sativa/,,
218,4,1,Medicago scutellata,Papilionáceas,Medicago scutellata,Papilionàcies,Melgó de botons,,,
212,4,1,Medicago leiocarca,Papilionáceas,Medicago suffruticosa subsp. leiocarpa,Papilionàcies,Melgó (Medicago suffruticosa),,,
221,4,1,Medicago tribuloides,Papilionáceas,Medicago truncatula,Papilionàcies,Melgó (Medicago truncatula),,Esperem haver interpretat bé el nom manuscrit,
219,4,1,Medicago turbinata,Papilionáceas,Medicago tuberculata,Papilionàcies,Trèvol de rodet,,,
222,4,1,Melilotus officinalis,Papilionáceas,Melilotus officinalis,Papilionàcies,Melilot oficinal,https://elmedinaturaldelbages.cat/species/melilot-oficinal-melilotus-officinalis/,,
412,7,1,Melittis Melissophyllum,Labiadas,Melittis melissophyllum subsp. melissophyllum,Labiades,Melissot,https://elmedinaturaldelbages.cat/species/melissot-melittis-melissophyllum-subsp-melissophyllum/,,
413,7,1,Mentha silvestris,Labiadas,Mentha longifolia,Labiades,Menta boscana,https://elmedinaturaldelbages.cat/species/menta-boscana-mentha-longifolia/,,
414,7,1,Mentha viridis,Labiadas,Mentha spicata,Labiades,Menta de bou,,,
167,3,1,Mercurialis annua,Euforbiáceas,Mercurialis annua,Euforbiàcies,Melcoratge,https://elmedinaturaldelbages.cat/species/melcoratge-mercurialis-annua/,,
168,3,1,Mercurialis perennis ,Euforbiáceas,Mercurialis perennis ,Euforbiàcies,Melcoratge de bosc,https://elmedinaturaldelbages.cat/species/melcoratge-de-bosc-mercurialis-perennis/,,
169,3,1,Mercurialis tomentosa ,Euforbiáceas,Mercurialis tomentosa ,Euforbiàcies,Melcoratge tomentós,https://elmedinaturaldelbages.cat/species/melcoratge-tomentos-mercurialis-tomentosa/,,
312,5,1,Alsine tenuifolia,Cariofiláceas,Minuartia hybrida,Cariofil·làcies,Minuàrtia tenuifòlia,,,
319,5,1,Moehringia trinervia,Cariofiláceas,Moehringia trinervia,Cariofil·làcies,Herba prima,,,
56,1,1,Muscari comosum,Liliáceas,Muscari comosum,Liliàcies,Calabruixa gran,https://elmedinaturaldelbages.cat/species/calabruixa-gran-cap-de-moro-muscari-comosum/,,
57,1,1,Muscari racemosum,Liliáceas,Muscari neglectum,Liliàcies,Calabruixa,https://elmedinaturaldelbages.cat/species/calabruixa-all-de-bruixa-muscari-neglectum-m-racemosum/,,
549,9,1,Lactuca muralis,Compuestas,Mycelis muralis,Compostes,Lletuga de bosc,https://elmedinaturaldelbages.cat/species/lletuga-de-bosc-mycelis-muralis/,,
476,7,1,Myosotis intermedia ,Borragináceas,Myosotis arvensis subsp. arvensis,Boraginàcies,Miosotis,https://elmedinaturaldelbages.cat/species/miosotis-myosotis-arvensis-subsp-arvensis-m-intermedia/,,
154,3,1,Myricaria germanica,Tamaricáceas,Myricaria germanica,Tamaricàcies,Miricària,,,
87,2,2,Narcissus juncifolius (1),Amarilidáceas,Narcissus assoanus (1),Amaril·lidàcies,Almesquí (1),https://elmedinaturaldelbages.cat/species/almesqui-narcissus-assoanus/,,
,2,2,Narcissus juncifolius (2),Amarilidáceas,Narcissus assoanus (2),Amaril·lidàcies,Almesquí (2),https://elmedinaturaldelbages.cat/species/almesqui-narcissus-assoanus/,,
86,2,1,Narcissus biflorus,Amarilidáceas,Narcissus x medioluteus,Amaril·lidàcies,Narcís (Narcissus x medioluteus),,"Segurament introduïda com a ornamental al voltant de les ermites, fa segles",
148,3,1,Neslia paniculata,Crucíferas,Neslia paniculata subsp. thracica,Crucíferes,Nèslia,,Identificació extreta d'Ensayo Fitotopográfico de Bages,
280,5,1,Nigella arvensis,Ranunculáceas,Nigella arvensis,Ranunculàcies,Flor d'aranya (Nigella arvensis),https://elmedinaturaldelbages.cat/species/estrelleta-de-camp-flor-daranya-nigella-gallica/,Probablement és Nigella gallica,
281,5,1,Nigella Damascena,Ranunculáceas,Nigella damascena,Ranunculàcies,Flor d'aranya (Nigella damascena),https://elmedinaturaldelbages.cat/species/flor-daranya-nigella-damascena/,,
477,7,1,Nonnea alba,Borragináceas,Nonea pulla,Boraginàcies,Nonea,,,
439,7,1,Odontites longiflora ,Escrofulariáceas,Odontides longiflorus ,Escrofulariàcies,Denteguera de flor llarga,,,
440,7,1,Odontites lutea,Escrofulariáceas,Odontides luteus,Escrofulariàcies,Fonollada groga,https://elmedinaturaldelbages.cat/species/fonollada-groga-odontites-luteus/,,
224,4,1,Ononis fruticosa,Papilionáceas,Ononis fruticosa,Papilionàcies,Gavó fruticós,https://elmedinaturaldelbages.cat/species/gavo-fruticos-ononis-fruticosa-subsp-fruticosa/,,
225,4,1,Ononis minutissima ,Papilionáceas,Ononis minutissima ,Papilionàcies,Gavó menut,https://elmedinaturaldelbages.cat/species/gavo-menut-ononis-minutissima/,,
226,4,1,Ononis Natrix ,Papilionáceas,Ononis natrix ,Papilionàcies,Gavó,https://elmedinaturaldelbages.cat/species/gavo-ononis-natrix/,,
227,4,1,Ononis rotundifolia ,Papilionáceas,Ononis rotundifolia ,Papilionàcies,Gavó rotundifoli,https://elmedinaturaldelbages.cat/species/gavo-rotundifoli-ononis-rotundifolia/,,
223,4,1,Ononis antiquorum,Papilionáceas,Ononis spinosa subsp. antiquorum,Papilionàcies,Gavó espinós,https://elmedinaturaldelbages.cat/species/gavo-espinos-ononis-spinosa/,,
228,4,1,Ononis tridentata,Papilionáceas,Ononis tridentata,Papilionàcies,Ruac,https://elmedinaturaldelbages.cat/species/ruac-ononis-tridentata/,,
558,9,1,Onopordum Acanthium,Compuestas,Onopordum acanthium,Compostes,Bufassa,https://elmedinaturaldelbages.cat/species/bufassa-card-dase-o-cardot-gros-onopordum-acanthium/,,
73,2,1,Ophrys apifera,Orquidáceas,Ophrys apifera,Orquidàcies,Abellera vera,https://elmedinaturaldelbages.cat/species/abellera-vera-abellera-apifera-ophrys-apifera/,,
76,2,1,Ophrys fusca ,Orquidáceas,Ophrys fusca,Orquidàcies,Abellera fosca,https://elmedinaturaldelbages.cat/species/abellera-fosca-ophrys-forestieri-o-lupercalis-o-fusca-ssp-lupercalis/,,
74,2,1,Ophrys Arachnites,Orquidáceas,Ophrys holosericea,Orquidàcies,Abellera fuciflora,,,
77,2,1,Ophrys lutea,Orquidáceas,Ophrys lutea,Orquidàcies,Abellera groga,https://elmedinaturaldelbages.cat/species/abellera-groga-ophrys-lutea/,,
75,2,1,Ophrys aranifera ,Orquidáceas,Ophrys sphegodes,Orquidàcies,Abellera de la Passió,https://elmedinaturaldelbages.cat/species/abellera-de-la-passio-ophrys-passionis-o-sphegodes-ssp-passionis/,,
80,2,1,Orchis fragrans,Orquidáceas,Orchis coriophora subsp. fragrans,Orquidàcies,Abellera olorosa,,,
82,2,1,Orchis mascula ,Orquidáceas,Orchis mascula ,Orquidàcies,Orquis mascle,https://elmedinaturaldelbages.cat/species/orchis-mascula/,,
81,2,1,Orchis latifolia ,Orquidáceas,Orchis sambucina,Orquidàcies,Orquis sambucí,,,
83,2,1,Orchis simia ,Orquidáceas,Orchis simia ,Orquidàcies,Flor del simi,https://elmedinaturaldelbages.cat/species/flor-del-simi-orchis-simia/,,
415,7,1,Origanum vulgare ,Labiadas,Origanum vulgare ,Labiades,Orenga,https://elmedinaturaldelbages.cat/species/orenga-origanum-vulgare/,,
58,1,1,Ornithogalum pyrenaicum,Liliáceas,Ornithogalum pyrenaicum,Liliàcies,Calabruixa dels Pirineus,,,
59,1,1,Ornithogalum umbellatum,Liliáceas,Ornithogalum umbellatum,Liliàcies,Llet de gallina,https://elmedinaturaldelbages.cat/species/llet-de-gallina-ornithogalum-umbellatum/,,
590,10,1,Orobanche hederae,Orobancáceas,Orobanche hederae,Orobancàcies,Frare de l'heura,https://elmedinaturaldelbages.cat/species/frare-de-lheura-orobanche-hederae/,,
589,10,1,Ceratocalyx macrolepis,Orobancáceas,Orobanche latisquama,Orobancàcies,Frare del romaní,https://elmedinaturaldelbages.cat/species/frare-del-romani-orobanche-latisquama/,,
42,1,1,Piptatherum paradoxum,Gramináceas,Oryzopsis paradoxa,Gramínies,Mill boscà,https://elmedinaturaldelbages.cat/species/mill-bosca-oryzopsis-paradoxa/,,
111,2,1,Osyris alba ,Santaláceas,Osyris alba ,Santalàcies,Ginestó,https://elmedinaturaldelbages.cat/species/ginesto-osyris-alba/,,
253,4,1,Papaver dubium ,Papaveráceas,Papaver dubium ,Papaveràcies,Gallaret,https://elmedinaturaldelbages.cat/species/pipiripip-rosella-papaver-dubium/,,
254,4,1,Papaver hybridum ,Papaveráceas,Papaver hybridum ,Papaveràcies,Rosella híspida,https://elmedinaturaldelbages.cat/species/rosella-hispida-papaver-hybridum/,,
255,4,1,Papaver Rhoeas ,Papaveráceas,Papaver rhoeas ,Papaveràcies,Pipiripip,https://elmedinaturaldelbages.cat/species/pipiripip-rosella-papaver-rhoeas/,,
98,2,1,Paronychia argentea,Paroniquináceas,Paronychia argentea,Cariofil·làcies,Paroníquia argentada,,,
100,2,1,Paronychia nivea,Paroniquináceas,Paronychia capitata,Cariofil·làcies,Paroníquia nívia,https://elmedinaturaldelbages.cat/species/paroniquia-nivia-sanguinaria-blanca-paronychia-capitata/,,
99,2,1,Paronychia capitata,Paroniquináceas,Paronychia kapela ,Cariofil·làcies,Paroníquia de roca,https://elmedinaturaldelbages.cat/species/paroniquia-de-roca-paronychia-kapela-ssp-serpyllifolia/,,
383,6,1,Peucedanum officinale,Umbelíferas,Peucedanum officinale ,Umbel·líferes,Fonoll de porc,https://elmedinaturaldelbages.cat/species/fonoll-de-porc-peucedanum-officinale-ssp-stenocarpum/,,
559,9,1,Phagnalon rupestre,Compuestas,Phagnalon rupestre,Compostes,Ullastre de frare,https://elmedinaturaldelbages.cat/species/phagnalon-rupestre/,,
560,9,1,Phagnalon sordidum ,Compuestas,Phagnalon sordidum ,Compostes,Herba morenera,https://elmedinaturaldelbages.cat/species/herba-morenera-phagnalon-sordidum/,,
342,6,1,Phillyrea media,Oleáceas,Phillyrea latifolia subsp. media,Oleàcies,Aladern fals,https://elmedinaturaldelbages.cat/species/aladern-fals-phillyrea-latifolia/,,
41,1,1,Phleum Boehmeri,Gramináceas,Phleum phleoides,Gramínies,Cua de rata,https://elmedinaturaldelbages.cat/species/cua-de-rata-phleum-phleoides/,,
416,7,1,Phlomis Lychnitis,Labiadas,Phlomis lychnitis,Labiades,Candelera (Phlomis lychnitis),https://elmedinaturaldelbages.cat/species/candelera-phlomis-lychnitis/,,
19,1,1,Scolopendrium officinale,Polipodiáceas,Phyllitis scolopendrium,Polipodiàcies,Llengua de cérvol,https://elmedinaturaldelbages.cat/species/llengua-de-cervol-phyllitis-scolopendrium/,,
561,9,1,Picnomon acarna,Compuestas,Picnomon acarna,Compostes,Assotacrist,https://elmedinaturaldelbages.cat/species/assotacrist-picnomon-acarna-cirsium-acarna/,,
563,9,1,Picris hieracioides,Compuestas,Picris hieracioides,Compostes,Parraca,https://elmedinaturaldelbages.cat/species/parraca-picris-hieracioides/,,
384,6,1,Pimpinella Saxifraga ,Umbelíferas,Pimpinella saxifraga ,Umbel·líferes,Matafaluga de prat,https://elmedinaturaldelbages.cat/species/matafaluga-de-prat-pimpinella-saxifraga/,,
603,10,1,Plantago Psyllium ,Plantagináceas,Plantago afra,Plantaginàcies,Herba pucera,,,
599,10,1,Plantago albicans ,Plantagináceas,Plantago albicans ,Plantaginàcies,Herba-fam,https://elmedinaturaldelbages.cat/species/herbafam-plantago-albicans/,,
600,10,1,Plantago Coronopus ,Plantagináceas,Plantago coronopus ,Plantaginàcies,Cervina,https://elmedinaturaldelbages.cat/species/cervina-plantago-coronopus/,,
602,10,1,Plantago media,Plantagináceas,Plantago media,Plantaginàcies,Plantatge mitjà,https://elmedinaturaldelbages.cat/species/plantatge-mitja-plantago-media/,,
601,10,1,Plantago Cynops ,Plantagináceas,Plantago sempervirens,Plantaginàcies,Plantatge de ca,https://elmedinaturaldelbages.cat/species/plantatge-de-ca-herba-pucera-plantago-sempervirens-p-cynops/,,
78,2,1,Orchis bifolia,Orquidáceas,Platanthera bifolia,Orquidàcies,Botonets de gos,https://elmedinaturaldelbages.cat/species/platanthera-bifolia/,,
262,4,1,Platycapnos spicatus,Fumariáceas,Platycapnos spicata,Papaveràcies,Fumària (Platycapnos spicata),,,
43,1,1,Poa annua,Gramináceas,Poa annua,Gramínies,Poa anual,https://elmedinaturaldelbages.cat/species/poa-anual-pelosa-poa-annua-subsp-annua/,,
292,5,2,Polygala calcarea (1),Poligaláceas,Polygala calcarea (1),Poligalàcies,Herba blava (1),https://elmedinaturaldelbages.cat/species/herba-blava-polygala-calcarea/,,
,5,2,Polygala calcarea (2),Poligaláceas,Polygala calcarea (2),Poligalàcies,Herba blava (2),https://elmedinaturaldelbages.cat/species/herba-blava-polygala-calcarea/,,
293,5,1,Polygala monspeliaca ,Poligaláceas,Polygala monspeliaca ,Poligalàcies,Polígala de Montpeller,,,
294,5,1,Polygala rosea,Poligaláceas,Polygala vulgaris subsp. mediterranea,Poligalàcies,Polígala vulgar,https://elmedinaturaldelbages.cat/species/poligala-mediterrania-o-poligala-gironina-polygala-nicaensis-subsp-gerundensis/,,
102,2,1,Polygonum aviculare,Poligonáceas,Polygonum aviculare,Poligonàcies,Passacamins,https://elmedinaturaldelbages.cat/species/passacamins-polygonum-aviculare/,,
103,2,1,Polygonum Convolvulus,Poligonáceas,Polygonum convolvulus,Poligonàcies,Fajol bord,https://elmedinaturaldelbages.cat/species/fajol-bord-fallopia-convolvulus/,,
17,1,1,Polypodium vulgare,Polipodiáceas,Polypodium vulgare,Polipodiàcies,Polipodi,https://elmedinaturaldelbages.cat/species/polipodi-polypodium-vulgare-ssp-serrulatum/,,
107,2,1,Populus alba,Salicáceas,Populus alba,Salicàcies,Àlber,https://elmedinaturaldelbages.cat/species/alber-populus-alba/,,
339,5,1,Portulaca oleracea,Portulacáceas,Portulaca oleracea,Portulacàcies,Verdolaga,https://elmedinaturaldelbages.cat/species/verdolaga-portulaca-oleracea/,,
364,6,1,Potentilla caulescens ,Rosáceas,Potentilla caulescens ,Rosàcies,Te de soqueta,https://elmedinaturaldelbages.cat/species/te-de-soqueta-potentilla-caulescens/,,
365,6,1,Potentilla verna,Rosáceas,Potentilla neumanniana,Rosàcies,Potentil·la vernal,https://elmedinaturaldelbages.cat/species/potentilla-vernal-potentilla-neumanniana/,,
597,10,1,Primula officinalis,Primuláceas,Primula veris,Primulàcies,Prímula,https://elmedinaturaldelbages.cat/species/primula-vera-primula-veris/,,
400,7,1,Brunella grandiflora,Labiadas,Prunella grandiflora,Labiades,Prunel·la de flor gran,https://elmedinaturaldelbages.cat/species/prunella-de-flor-gran-prunella-grandiflora-ssp-pyrenaica/,,
399,7,1,Brunella alba ,Labiadas,Prunella laciniata,Labiades,Prunel·la laciniada,https://elmedinaturaldelbages.cat/species/prunella-blanca-prunella-laciniata-p-alba/,,
401,7,1,Brunella vulgaris ,Labiadas,Prunella vulgaris ,Labiades,Prunel·la vulgar,https://elmedinaturaldelbages.cat/species/prunella-vulgar-prunella-vulgaris/,,
18,1,1,Pteris aquilina,Polipodiáceas,Pteridium aquilinum,Polipodiàcies,Falguera comuna,https://elmedinaturaldelbages.cat/species/falguera-comuna-pteridium-aquilinum/,,
565,9,1,Pulicaria dysenterica ,Compuestas,Pulicaria dysenterica ,Compostes,Pulicària,https://elmedinaturaldelbages.cat/species/pulicaria-herba-de-sant-roc-pulicaria-dysenterica/,,
343,6,1,Punica granatum,Granatáceas,Punica granatum,Punicàcies,Magraner,,,
110,2,1,Quercus pubescens,Cupulíferas,Quercus pubescens,Fagàcies,Roure martinenc,https://elmedinaturaldelbages.cat/species/roure-martinenc-quercus-pubescens/,,
604,10,1,Ramondia Pyrenaica,Gesneriáceas,Ramonda myconi,Gesneriàcies,Orella d'ós,https://elmedinaturaldelbages.cat/species/orella-dos-ramonda-myconi/,,
282,5,1,Ranunculus arvensis,Ranunculáceas,Ranunculus arvensis,Ranunculàcies,Herba de l'amor,,,
283,5,1,Ranunculus bulbosus,Ranunculáceas,Ranunculus bulbosus,Ranunculàcies,Ranuncle bulbós,https://elmedinaturaldelbages.cat/species/ranuncle-bulbos-ranunculus-bulbosus/,,
276,5,1,Ficaria ranunculoides,Ranunculáceas,Ranunculus ficaria,Ranunculàcies,Gatassa,https://elmedinaturaldelbages.cat/species/gatassa-ranunculus-ficaria/,,
284,5,1,Ranunculus gramineus ,Ranunculáceas,Ranunculus gramineus ,Ranunculàcies,Ranuncle graminoide,https://elmedinaturaldelbages.cat/species/ranuncle-graminoide-ranunculus-gramineus/,,
285,5,1,Ranunculus muricatus,Ranunculáceas,Ranunculus muricatus,Ranunculàcies,Botons d'or,,,
286,5,1,Ranunculus parviflorus,Ranunculáceas,Ranunculus parviflorus,Ranunculàcies,Pèl de moix,,,
287,5,1,Ranunculus repens,Ranunculáceas,Ranunculus repens,Ranunculàcies,Ranuncle repent,https://elmedinaturaldelbages.cat/species/ranuncle-repent-ranunculus-repens/,,
149,3,1,Raphanus Raphanistrum,Crucíferas,Raphanus raphanistrum,Crucíferes,Rafanistre,,,
150,3,1,Rapistrum rugosum,Crucíferas,Rapistrum rugosum,Crucíferes,Ravenell,https://elmedinaturaldelbages.cat/species/ravenell-rapistrum-rugosum-subsp-rugosum/,,
562,9,1,Picridium vulgare,Compuestas,Reichardia picroides,Compostes,Cosconilla,https://elmedinaturaldelbages.cat/species/cosconilla-cama-roja-reichardia-picroides/,,
290,5,1,Reseda lutea,Resedáceas,Reseda lutea,Resedàcies,Gandalla,https://elmedinaturaldelbages.cat/species/gandalla-reseda-lutea/,,
291,5,1,Reseda luteola,Resedáceas,Reseda luteola subsp. luteola,Resedàcies,Gavarró,,,
90,2,1,Rhamnus alaternus,Ramnáceas,Rhamnus alaternus,Ramnàcies,Aladern,https://elmedinaturaldelbages.cat/species/aladern-rhamnus-alaternus/,,
441,7,1,Rhinanthus minor,Escrofulariáceas,Rhinanthus minor,Escrofulariàcies,Cresta de gall (Rhinanthus minor),,,
147,3,1,Nasturtium officinale,Crucíferas,Rorippa nasturtium-aquaticum,Crucíferes,Creixen,https://elmedinaturaldelbages.cat/species/creixen-rorippa-nasturtium-aquaticum/,,
369,6,1,Rosa Sepium ,Rosáceas,Rosa agrestis ,Rosàcies,Roser agrest,,,
366,6,1,Rosa canina,Rosáceas,Rosa canina,Rosàcies,Roser caní,https://elmedinaturaldelbages.cat/species/roser-o-gavarrera-cani-rosa-canina/,,
367,6,1,Rosa myriacantha,Rosáceas,Rosa pimpinellifolia subsp. myriacantha,Rosàcies,Roser espinosíssim,https://elmedinaturaldelbages.cat/species/roser-espinosissim-rosa-pimpinellifolia-ssp-myriacantha/,,
368,6,1,Rosa sempervirens,Rosáceas,Rosa sempervirens,Rosàcies,Roser englantiner,https://elmedinaturaldelbages.cat/species/roser-englantiner-rosa-sempervirens/,,
485,8,1,Rubia peregrina,Rubiáceas,Rubia peregrina,Rubiàcies,Rogeta,https://elmedinaturaldelbages.cat/species/rogeta-rubia-peregrina-ssp-peregrina/,,
370,6,1,Rubus caesius,Rosáceas,Rubus caesius,Rosàcies,Romegueró,https://elmedinaturaldelbages.cat/species/romeguero-rubus-caesius/,,
371,6,1,Rubus thyrsoideus,Rosáceas,Rubus vigoi,Rosàcies,Esbarzer,https://elmedinaturaldelbages.cat/species/esbarzer-rubus-ulmifolius/,Segurament és Rubus ulmifolius,
104,2,1,Rumex conglomeratus,Poligonáceas,Rumex conglomeratus,Poligonàcies,Paradella,https://elmedinaturaldelbages.cat/species/paradella-rumex-conglomeratus/,,
24,1,1,Ruscus aculeatus,Esmiláceas,Ruscus aculeatus,Liliàcies,Galzeran,https://elmedinaturaldelbages.cat/species/galzeran-ruscus-aculeatus/,,
267,4,1,Ruta angustifolia,Rutáceas,Ruta chalepensis subsp. angustifolia,Rutàcies,Ruda,https://elmedinaturaldelbages.cat/species/ruda-ruta-chalepensis-ssp-angustifolia-r-angustifolia/,,
320,5,1,Sagina apetala,Cariofiláceas,Sagina apetala,Cariofil·làcies,Sagina apètala,,,
108,2,1,Salix cinerea,Salicáceas,Salix atrocinerea,Salicàcies,Gatell,https://elmedinaturaldelbages.cat/species/gatell-salix-cinerea-ssp-oleifolia/,,
109,2,1,Salix incana,Salicáceas,Salix elaeagnos,Salicàcies,Sarga,https://elmedinaturaldelbages.cat/species/sarga-salix-elaeagnos/,,
417,7,1,Salvia pratensis,Labiadas,Salvia pratensis subsp. pratensis,Labiades,Tàrrec de prat,https://elmedinaturaldelbages.cat/species/tarro-tarrec-de-prat-salvia-pratensis-subsp-pratensis/,,
418,7,2,Salvia Verbenaca (1),Labiadas,Salvia verbenaca (1),Labiades,Tàrrec (1),https://elmedinaturaldelbages.cat/species/tarrec-salvia-verbenaca/,,
,7,2,Salvia Verbenaca (2),Labiadas,Salvia verbenaca (2),Labiades,Tàrrec (2),https://elmedinaturaldelbages.cat/species/tarrec-salvia-verbenaca/,,
493,8,1,Sambucus ebulus ,Caprifoliáceas,Sambucus ebulus ,Caprifoliàcies,Évol,https://elmedinaturaldelbages.cat/species/evol-o-sauc-pudent-sambucus-ebulus/,,
598,10,1,Samolus Valerandi,Primuláceas,Samolus valerandi,Primulàcies,Dolceta,,,
385,6,1,Sanicula europaea,Umbelíferas,Sanicula europaea,Umbel·líferes,Sanícula,,,
567,9,1,Santolina chamaecyparissus ,Compuestas,Santolina chamaecyparissus ,Compostes,Espernellac,https://elmedinaturaldelbages.cat/species/espernallac-santolina-chamaecyparissus/,,
321,5,1,Saponaria ocymoides ,Cariofiláceas,Saponaria ocymoides ,Cariofil·làcies,Falsa alfàbrega,https://elmedinaturaldelbages.cat/species/sabonera-falsa-alfabrega-saponaria-ocymoides/,,
322,5,1,Saponaria officinalis ,Cariofiláceas,Saponaria officinalis ,Cariofil·làcies,Herba sabonera,https://elmedinaturaldelbages.cat/species/herba-sabonera-saponaria-officinalis/,,
263,4,1,Sarcocapnos enneaphylla,Fumariáceas,Sarcocapnos enneaphylla,Papaveràcies,Herba freixurera,https://elmedinaturaldelbages.cat/species/herba-freixurera-sarcocapnos-enneaphylla/,,
402,7,1,Calamintha Acinos,Labiadas,Satureja acinos,Labiades,Alfàbrega borda,,,
404,7,1,Calamintha officinalis,Labiadas,Satureja calamintha subsp. sylvatica,Labiades,Rementerola,https://elmedinaturaldelbages.cat/species/rementerola-satureja-calamintha-subsp-glandulosa-calamintha-nepeta/,,
419,7,1,Satureja montana,Labiadas,Satureja montana,Labiades,Sajolida,https://elmedinaturaldelbages.cat/species/sajolida-satureja-montana/,,
403,7,1,Calamintha Clinopodium,Labiadas,Satureja vulgaris,Labiades,Clinopodi,,,
348,6,1,Saxifraga Catalaunica,Saxifragáceas,Saxifraga callosa subsp. catalaunica,Saxifragàcies,Corona de reina,https://elmedinaturaldelbages.cat/species/corona-de-reina-saxifraga-callosa-ssp-catalaunica/,,
350,6,1,Saxifraga Tremolsii,Saxifragáceas,Saxifraga geranioides,Saxifragàcies,Herba del nord,https://elmedinaturaldelbages.cat/species/herba-del-nord-saxifraga-fragilis-ssp-fragilis/,Probablement és S.fragilis subsp.fragilis [= S.corbariensis],
349,6,1,Saxifraga granulata,Saxifragáceas,Saxifraga granulata subsp. granulata ,Saxifragàcies,Saxífraga granulosa,https://elmedinaturaldelbages.cat/species/saxifraga-granulosa-saxifraga-granulata-ssp-granulata/,,
351,6,1,Saxifraga tridactylites,Saxifragáceas,Saxifraga tridactylites subsp. tridactylites,Saxifragàcies,Saxífraga de tres dits,https://elmedinaturaldelbages.cat/species/saxifraga-de-tres-dits-saxifraga-tridactylites-ssp-tridactylites/,,
488,8,1,Scabiosa stellata,Dipsacáceas,Scabiosa stellata,Dipsacàcies,Cardeta,https://elmedinaturaldelbages.cat/species/cardeta-scabiosa-stellata/,,
386,6,1,Scandix pecten-Veneris,Umbelíferas,Scandix pecten-veneris,Umbel·líferes,Agulles de pastor,https://elmedinaturaldelbages.cat/species/agulles-de-pastor-scandix-pecten-veneris/,,
8,1,1,Schoenus nigricans ,Ciperáceas,Schoenus nigricans ,Ciperàcies,Jonc negre,https://elmedinaturaldelbages.cat/species/jonc-negre-schoenus-nigricans/,,
9,1,1,Scirpus Holoschoenus,Ciperáceas,Scirpus holoschoenus,Ciperàcies,Jonc boval,https://elmedinaturaldelbages.cat/species/jonc-boval-scirpus-holoschoenus/,,
10,1,1,Scirpus Tabernaemontani,Ciperáceas,Scirpus lacustris subsp. tabernaemontani,Ciperàcies,Jonc d'estany,,,
11,1,1,Scirpus maritimus ,Ciperáceas,Scirpus maritimus ,Ciperàcies,Jonca marina,https://elmedinaturaldelbages.cat/species/jonca-marina-scirpus-maritimus/,,
101,2,1,Scleranthus annuus,Paroniquináceas,Scleranthus annuus,Cariofil·làcies,Esclerant anual,,,
230,4,1,Scorpiurus subvillosa,Papilionáceas,Scorpiurus muricatus subsp. subvillosus,Papilionàcies,Herba d'eruga,https://elmedinaturaldelbages.cat/species/herba-deruga-scorpiurus-muricatus-ssp-subvillosus/,,
564,9,1,Podospermum laciniatum,Compuestas,Scorzonera laciniata,Compostes,Barballa,https://elmedinaturaldelbages.cat/species/barballa-escurconera-laciniada-scorzonera-laciniata/,,
442,7,1,Scrophularia aquatica,Escrofulariáceas,Scrophularia auriculata,Escrofulariàcies,Escrofulària aquàtica,https://elmedinaturaldelbages.cat/species/escrofularia-aquatica-setge-bord-scrophularia-auriculata-s-aquatica/,,
443,7,1,Scrophularia canina ,Escrofulariáceas,Scrophularia canina ,Escrofulariàcies,Escrofulària de ca,,,
250,4,1,Sedum acre ,Crasuláceas,Sedum acre ,Crassulàcies,Crespinell groc,https://elmedinaturaldelbages.cat/species/crespinell-groc-sedum-acre/,,
251,4,1,Sedum dasyphyllum ,Crasuláceas,Sedum dasyphyllum ,Crassulàcies,Crespinell glauc,https://elmedinaturaldelbages.cat/species/crespinell-glauc-o-de-cingle-sedum-dasyphyllum/,,
568,9,1,Senecio Doria,Compuestas,Senecio doria,Compostes,Allop,https://elmedinaturaldelbages.cat/species/allop-senecio-doria/,,
569,9,1,Senecio Doronicum,Compuestas,Senecio doronicum,Compostes,Seneci dorònic,,,
570,9,1,Senecio erucifolius,Compuestas,Senecio erucifolius,Compostes,Seneci erucifoli,https://elmedinaturaldelbages.cat/species/senecio-erucifolius/,,
571,9,2,Senecio vulgaris (1),Compuestas,Senecio vulgaris (1),Compostes,Xenixell (1),https://elmedinaturaldelbages.cat/species/xenixell-senecio-vulgaris/,,
,9,2,Senecio vulgaris (2),Compuestas,Senecio vulgaris (2),Compostes,Xenixell (2),https://elmedinaturaldelbages.cat/species/xenixell-senecio-vulgaris/,,
387,6,1,Seseli elatum,Umbelíferas,Seseli elatum,Umbel·líferes,Sèseli major,,,
44,1,1,Setaria viridis,Gramináceas,Setaria viridis,Gramínies,Serreig verd,https://elmedinaturaldelbages.cat/species/serreig-verd-panissola-verda-setaria-viridis/,,
486,8,1,Sherardia arvensis,Rubiáceas,Sherardia arvensis,Rubiàcies,Rèvola borda,https://elmedinaturaldelbages.cat/species/revola-borda-borro-sherardia-arvensis/,,
420,7,1,Sideritis hirsuta,Labiadas,Sideritis hirsuta,Labiades,Herba de la feridura,https://elmedinaturaldelbages.cat/species/herba-de-la-feridura-sideritis-hirsuta-ssp-hirsuta/,,
323,5,1,Silene crassicaulis,Cariofiláceas,Silene italica subsp. nemoralis,Cariofil·làcies,Patacs,,,
318,5,1,Melandrium macrocarpum,Cariofiláceas,Silene latifolia subsp. latifolia,Cariofil·làcies,Melandri blanc,https://elmedinaturaldelbages.cat/species/melandri-blanc-alfabrega-de-ca-silene-latifolia-subsp-latifolia/,,
325,5,1,Silene muscipula,Cariofiláceas,Silene muscipula,Cariofil·làcies,Silene mosquera,,,
326,5,1,Silene nocturna,Cariofiláceas,Silene nocturna,Cariofil·làcies,Silene nocturna,https://elmedinaturaldelbages.cat/species/silene-nocturna/,,
327,5,1,Silene nutans,Cariofiláceas,Silene nutans,Cariofil·làcies,Silene nutant,https://elmedinaturaldelbages.cat/species/silene-nutant-silene-nutans/,,
328,5,1,Silene Otites,Cariofiláceas,Silene otites subsp. otites,Cariofil·làcies,Silene otites,,,
324,5,1,Silene inflata,Cariofiláceas,Silene vulgaris,Cariofil·làcies,Colitxos,https://elmedinaturaldelbages.cat/species/colitxos-esclafidors-silene-vulgaris/,,
152,3,1,Sisymbrium Irio,Crucíferas,Sisymbrium irio,Crucíferes,Apagallums,https://elmedinaturaldelbages.cat/species/apagallums-matallums-sisymbrium-irio/,,
151,3,1,Sisymbrium Columnae,Crucíferas,Sisymbrium orientale,Crucíferes,Sisimbri oriental,,,
25,1,1,Smilax aspera,Esmiláceas,Smilax aspera,Esmilacàcies,Arítjol,https://elmedinaturaldelbages.cat/species/aritjol-smilax-aspera/,,
461,7,1,Solanum Dulcamara ,Solanáceas,Solanum dulcamara ,Solanàcies,Dolçamara,https://elmedinaturaldelbages.cat/species/dolcamara-solanum-dulcamara/,,
462,7,1,Solanum miniatum,Solanáceas,Solanum nigrum subsp. miniatum,Solanàcies,Morella (Solanum nigrum subsp. miniatum),,,
463,7,1,Solanum nigrum,Solanáceas,Solanum nigrum subsp. nigrum,Solanàcies,Morella (Solanum nigrum subsp. nigrum),https://elmedinaturaldelbages.cat/species/morella-vera-solanum-nigrum/,,
572,9,1,Solidago virga-aurea ,Compuestas,Solidago virgaurea ,Compostes,Vara d'or,https://elmedinaturaldelbages.cat/species/vara-dor-solidago-virgaurea/,,
573,9,1,Sonchus asper,Compuestas,Sonchus asper,Compostes,Lletsó punxós,,,
574,9,1,Sonchus maritimus,Compuestas,Sonchus maritimus,Compostes,Lletsó d'aigua,,,
575,9,1,Sonchus oleraceus ,Compuestas,Sonchus oleraceus ,Compostes,Lletsó d'hort,https://elmedinaturaldelbages.cat/species/lletso-dhort-o-lletso-oleraci-sonchus-oleraceus/,,
576,9,1,Sonchus tenerrimus,Compuestas,Sonchus tenerrimus,Compostes,Lletsó fi,https://elmedinaturaldelbages.cat/species/lletso-fi-sonchus-tenerrimus/,,
359,6,1,Sorbus Aria,Pomáceas,Sorbus aria,Rosàcies,Moixera,https://elmedinaturaldelbages.cat/species/moixera-sorbus-aria/,,
360,6,1,Sorbus torminalis,Pomáceas,Sorbus torminalis,Rosàcies,Moixera de pastor,https://elmedinaturaldelbages.cat/species/moixera-de-pastor-sorbus-torminalis/,,
45,1,1,Sorghum halepense ,Gramináceas,Sorghum halepense ,Gramínies,Canyota,https://elmedinaturaldelbages.cat/species/canyota-sorghum-halepense/,,
231,4,1,Spartium junceum,Papilionáceas,Spartium junceum,Papilionàcies,Ginesta,https://elmedinaturaldelbages.cat/species/ginesta-spartium-junceum/,,
330,5,1,Spergularia rubra,Cariofiláceas,Spergularia rubra,Cariofil·làcies,Espergulària vermella,https://elmedinaturaldelbages.cat/species/espergularia-vermella-spergularia-rubra-ssp-rubra/,,
84,2,1,Spiranthes aestivalis,Orquidáceas,Spiranthes aestivalis,Orquidàcies,Espirant de tardor,https://elmedinaturaldelbages.cat/species/espirant-de-tardor-spiranthes-spiralis/,,
421,7,1,Stachys annuus,Labiadas,Stachys annua,Labiades,Herba vellosa,,,
398,7,1,Betonica officinalis,Labiadas,Stachys officinalis,Labiades,Betònica,https://elmedinaturaldelbages.cat/species/betonica-stachys-officinalis/,,
577,9,1,Staehelina dubia ,Compuestas,Staehelina dubia ,Compostes,Pinzell (Staehelina dubia),https://elmedinaturaldelbages.cat/species/pinzell-staehelina-dubia/,,
331,5,1,Stellaria Holostea ,Cariofiláceas,Stellaria holostea ,Cariofil·làcies,Rèvola,https://elmedinaturaldelbages.cat/species/revola-stellaria-holostea/,,
332,5,1,Stellaria media ,Cariofiláceas,Stellaria media ,Cariofil·làcies,Morró (Stellaria media),https://elmedinaturaldelbages.cat/species/morro-stellaria-media/,,
46,1,1,Stipa pennata ,Gramináceas,Stipa pennata ,Gramínies,Pelaguer plomós,https://elmedinaturaldelbages.cat/species/pelaguer-plomos-pelagot-stipa-pennata/,,
478,7,1,Symphytum tuberosum ,Borragináceas,Symphytum tuberosum ,Boraginàcies,Consolda menor,https://elmedinaturaldelbages.cat/species/consolda-menor-o-petita-symphytum-tuberosum/,,
155,3,1,Tamarix Gallica,Tamaricáceas,Tamarix gallica,Tamaricàcies,Tamariu,https://elmedinaturaldelbages.cat/species/tamariu-tamarix-gallica/,,
85,2,1,Tamus communis ,Dioscoreáceas,Tamus communis ,Dioscoreàcies,Gatmaimó,https://elmedinaturaldelbages.cat/species/gatmaimo-tamus-communis/,,
566,9,1,Pyrethrum corymbosum,Compuestas,Tanacetum corymbosum,Compostes,Crisantem corimbós,https://elmedinaturaldelbages.cat/species/crisantem-corimbos-tanacetum-corymbosum/,,
12,1,1,Taxus baccata ,Taxáceas,Taxus baccata ,Taxàcies,Teix,https://elmedinaturaldelbages.cat/species/teix-taxus-baccata/,,
232,4,1,Tetragonolobus siliquosus,Papilionáceas,Tetragonolobus maritimus var. siliquosus ,Papilionàcies,Lot siliquós,https://elmedinaturaldelbages.cat/species/lot-siliquos-tetragonolobus-maritimus/,,
423,7,1,Teucrium Botrys ,Labiadas,Teucrium botrys ,Labiades,Bengranat,https://elmedinaturaldelbages.cat/species/bengranat-teucri-de-codina-teucrium-botrys/,,
424,7,1,Teucrium Chamaedrys ,Labiadas,Teucrium chamaedrys ,Labiades,Camedris,https://elmedinaturaldelbages.cat/species/camedris-teucrium-chamaedrys/,,
422,7,1,Teucrium aureum ,Labiadas,Teucrium polium subsp. aureum ,Labiades,Timó groc,https://elmedinaturaldelbages.cat/species/timo-groc-teucrium-polium-ssp-aureum/,,
425,7,1,Teucrium Polium ,Labiadas,Teucrium polium subsp. polium ,Labiades,Timó mascle,https://elmedinaturaldelbages.cat/species/timo-mascle-teucrium-polium-ssp-polium/,,
426,7,1,Teucrium Pyrenaicum,Labiadas,Teucrium pyrenaicum,Labiades,Angelins,https://elmedinaturaldelbages.cat/species/angelins-teucrium-pyrenaicum/,,
288,5,1,Thalictrum minus ,Ranunculáceas,Thalictrum minus ,Ranunculàcies,Gata rabiosa,https://elmedinaturaldelbages.cat/species/thalictrum-minus/,,
289,5,1,Thalictrum tuberosum ,Ranunculáceas,Thalictrum tuberosum ,Ranunculàcies,Talictre tuberós,https://elmedinaturaldelbages.cat/species/talictre-tuberos-ruda-de-prat-thalictrum-tuberosum/,,
388,6,1,Thapsia villosa,Umbelíferas,Thapsia villosa,Umbel·líferes,Fonollassa groga,https://elmedinaturaldelbages.cat/species/fonollassa-groga-thapsia-villosa/,,
153,3,1,Thlaspi perfoliatum,Crucíferas,Thlaspi perfoliatum,Crucíferes,Traspic perfoliat,https://elmedinaturaldelbages.cat/species/traspic-perfoliat-thlaspi-perfoliatum/,,
94,2,1,Passerina Pujolica,Timeleáceas,Thymelaea pubescens subsp. pubescens ,Timeleàcies,Bufalaga pubescent,https://elmedinaturaldelbages.cat/species/bufalaga-pubescent-thymelaea-pubescens/,,
95,2,1,Thymelaea tinctoria,Timeleáceas,Thymelaea tinctoria,Timeleàcies,Bufalaga tintòria,https://elmedinaturaldelbages.cat/species/bufalaga-tintoria-thymelaea-tinctoria/,,
427,7,1,Thymus vulgaris,Labiadas,Thymus vulgaris,Labiades,Timó,https://elmedinaturaldelbages.cat/species/timo-thymus-vulgaris/,,
176,3,1,Tilia platyphylla,Tiliáceas,Tilia platyphyllos ,Tiliàcies,Til·ler de fulla gran,https://elmedinaturaldelbages.cat/species/tiller-de-fulla-gran-tilia-platyphyllos/,,
390,6,1,Torilis heterophylla,Umbelíferas,Torilis arvensis subsp. purpurea,Umbel·líferes,Julivert bord (Torilis arvensis),https://elmedinaturaldelbages.cat/species/julivert-bord-torilis-arvensis-ssp-neglecta/,,
389,6,1,Torilis Anthriscus,Umbelíferas,Torilis japonica,Umbel·líferes,Julivert bord (Torilis japonica),,,
579,9,1,Tragopogon crocifolius,Compuestas,Tragopogon crocifolius,Compostes,Barbeta safranera,https://elmedinaturaldelbages.cat/species/tragopogon-crocifolius/,,
334,5,1,Tribulus terrestris,Zigofiláceas,Tribulus terrestris,Zigofil·làcies,Tríbol,https://elmedinaturaldelbages.cat/species/tribol-obriulls-tribulus-terrestris/,,
233,4,1,Trifolium angustifolium ,Papilionáceas,Trifolium angustifolium ,Papilionàcies,Fenc bord,,,
234,4,1,Trifolium arvense,Papilionáceas,Trifolium arvense,Papilionàcies,Peu de llebre,,,
235,4,1,Trifolium fragiferum ,Papilionáceas,Trifolium fragiferum ,Papilionàcies,Trèvol maduixer,https://elmedinaturaldelbages.cat/species/trevol-maduixer-trifolium-fragiferum/,,
236,4,1,Trifolium medium,Papilionáceas,Trifolium medium subsp. medium,Papilionàcies,Trèvol mitjà,,,
237,4,1,Trifolium pratense ,Papilionáceas,Trifolium pratense ,Papilionàcies,Trèvol de prat,https://elmedinaturaldelbages.cat/species/trevol-de-prat-trifolium-pratense/,,
238,4,1,Trifolium repens ,Papilionáceas,Trifolium repens ,Papilionàcies,Trèvol blanc,https://elmedinaturaldelbages.cat/species/trevolet-trevol-blanc-o-repent-trifolium-repens/,,
239,4,1,Trifolium rubens ,Papilionáceas,Trifolium rubens ,Papilionàcies,Fenc muntanyenc,https://elmedinaturaldelbages.cat/species/fenc-muntanyenc-fenc-bord-trifolium-rubens/,,
240,4,1,Trifolium scabrum,Papilionáceas,Trifolium scabrum,Papilionàcies,Trèvol escabre,,,
241,4,1,Trigonella Foenum-graecum,Papilionáceas,Trigonella foenum-graecum,Papilionàcies,Fenicgrec,,,
242,4,1,Trigonella monspeliaca,Papilionáceas,Trigonella monspeliaca,Papilionàcies,Trigonel·la de Montpeller,,,
391,6,1,Trinia vulgaris,Umbelíferas,Trinia glauca subsp. glauca,Umbel·líferes,Trínia,,,
392,6,1,Turgenia latifolia,Umbelíferas,Turgenia latifolia,Umbel·líferes,Llapassó,,,
580,9,1,Tussilago farfara,Compuestas,Tussilago farfara,Compostes,Pota de cavall,https://elmedinaturaldelbages.cat/species/pota-de-cavall-tussilago-farfara/,,
243,4,1,Ulex parviflorus ,Papilionáceas,Ulex parviflorus ,Papilionàcies,Gatosa,https://elmedinaturaldelbages.cat/species/gatosa-ulex-parviflorus/,,
581,9,1,Urospermum Dalechampii ,Compuestas,Urospermum dalechampii ,Compostes,Amargot,https://elmedinaturaldelbages.cat/species/amargot-urospermum-dalechampii/,,
582,9,1,Urospermum picroides,Compuestas,Urospermum picroides,Compostes,Amargall,,,
105,2,1,Urtica dioica ,Urticáceas,Urtica dioica ,Urticàcies,Ortiga,https://elmedinaturaldelbages.cat/species/ortiga-major-urtica-dioica/,,
106,2,1,Urtica urens ,Urticáceas,Urtica urens ,Urticàcies,Ortiga menuda,https://elmedinaturaldelbages.cat/species/ortiga-petita-menuda-o-ortigola-urtica-urens/,,
333,5,1,Vaccaria vulgaris,Cariofiláceas,Vaccaria hispanica,Cariofil·làcies,Vacària,https://elmedinaturaldelbages.cat/species/vacaria-vaccaria-hispanica/,,
498,8,1,Valeriana montana,Valerianáceas,Valeriana montana,Valerianàcies,Valeriana muntanyenca,https://elmedinaturaldelbages.cat/species/valeriana-muntanyenca-valeriana-montana-ssp-montana/,,
499,8,1,Valeriana officinalis ,Valerianáceas,Valeriana officinalis ,Valerianàcies,Valeriana,https://elmedinaturaldelbages.cat/species/valeriana-valeriana-officinalis/,,
500,8,1,Valerianella eriocarpa,Valerianáceas,Valerianella eriocarpa,Valerianàcies,Herba dels canonges (Valerianella eriocarpa),https://elmedinaturaldelbages.cat/species/herba-dels-canonges-canonges-margarideta-valerianella-eriocarpa/,,
501,8,1,Valerianella pumila,Valerianáceas,Valerianella pumila,Valerianàcies,Herba dels canonges (Valerianella pumila),,,
453,7,1,Verbascum Blattaria ,Verbascáceas,Verbascum blattaria ,Escrofulariàcies,Blatària,,,
454,7,1,Verbascum Boerhavii,Verbascáceas,Verbascum boerhavii,Escrofulariàcies,Porpres,,,
455,7,1,Verbascum Lychnitis ,Verbascáceas,Verbascum lychnitis ,Escrofulariàcies,Candelera (Verbascum lychnitis),https://elmedinaturaldelbages.cat/species/trepo-candeler-verbascum-lychnitis/,,
456,7,1,Verbascum sinuatum ,Verbascáceas,Verbascum sinuatum ,Escrofulariàcies,Trepó ploraner,https://elmedinaturaldelbages.cat/species/trepo-ploraner-verbascum-sinuatum/,,
618,10,1,Verbena officinalis,Verbenáceas,Verbena officinalis,Verbenàcies ,Berbena,https://elmedinaturaldelbages.cat/species/berbena-verbena-officinalis/,,
445,7,1,Veronica Anagallis,Escrofulariáceas,Veronica anagallis-aquatica ,Escrofulariàcies,Anagall d'aigua,https://elmedinaturaldelbages.cat/species/anagall-daigua-veronica-anagallis-aquatica/,,
446,7,1,Veronica arvensis,Escrofulariáceas,Veronica arvensis,Escrofulariàcies,Verònica arvense,https://elmedinaturaldelbages.cat/species/veronica-arvensis/,,
452,7,1,Veronica Teucrium,Escrofulariáceas,Veronica austriaca subsp. teucrium,Escrofulariàcies,Verònica austríaca,https://elmedinaturaldelbages.cat/species/veronica-austriaca-veronica-austriaca-ssp-teucrium/,,
448,7,1,Veronica officinalis,Escrofulariáceas,Veronica officinalis,Escrofulariàcies,Verònica oficinal,,,
449,7,1,Veronica Persica,Escrofulariáceas,Veronica persica,Escrofulariàcies,Verònica pèrsica,https://elmedinaturaldelbages.cat/species/veronica-persica/,,
447,7,1,Veronica didyma,Escrofulariáceas,Veronica polita,Escrofulariàcies,Verònica polida,https://elmedinaturaldelbages.cat/species/veronica-polita/,,
450,7,1,Veronica praecox,Escrofulariáceas,Veronica praecox,Escrofulariàcies,Verònica precoç,,,
451,7,1,Veronica prostrata,Escrofulariáceas,Veronica prostrata,Escrofulariàcies,Verònica prostrada,,Probablement és Veronica austriaca subsp. vahlii (= V.a. subsp. teucrium var. dubia),
494,8,1,Viburnum Lantana,Caprifoliáceas,Viburnum lantana,Caprifoliàcies,Tortellatge,https://elmedinaturaldelbages.cat/species/tortellatge-viburnum-lantana/,,
495,8,1,Viburnum Tinus,Caprifoliáceas,Viburnum tinus,Caprifoliàcies,Marfull,https://elmedinaturaldelbages.cat/species/marfull-viburnum-tinus/,,
244,4,1,Vicia Cracca,Papilionáceas,Vicia cracca,Papilionàcies,Garlanda (Vicia cracca),,,
249,4,1,Vicia tenuifolia,Papilionáceas,Vicia cracca subsp. tenuifolia,Papilionàcies,Garlanda (Vicia cracca subsp. tenuifolia),https://elmedinaturaldelbages.cat/species/garlanda-vicia-cracca-ssp-tenuifolia/,,
199,4,1,Ervum Ervilia,Papilionáceas,Vicia ervilia,Papilionàcies,Erb,,,
245,4,1,Vicia hybrida,Papilionáceas,Vicia hybrida,Papilionàcies,Veçota,https://elmedinaturaldelbages.cat/species/vecota-vicia-hybrida/,,
246,4,1,Vicia lutea,Papilionáceas,Vicia lutea,Papilionàcies,Galavars,,,
247,4,1,Vicia sativa,Papilionáceas,Vicia sativa,Papilionàcies,Veça (Vicia sativa),https://elmedinaturaldelbages.cat/species/veca-o-vecera-vicia-sativa-ssp-sativa/,,
248,4,1,Vicia sepium,Papilionáceas,Vicia sepium,Papilionàcies,Veça de bosc,https://elmedinaturaldelbages.cat/species/veca-de-bosc-o-de-bardissa-vicia-sepium/,,
200,4,1,Ervum gracile,Papilionáceas,Vicia tetrasperma subsp. gracilis ,Papilionàcies,Veça (Vicia tetrasperma),,,
393,6,1,Vinca media,Apocináceas,Vinca difformis,Apocinàcies,Vinca,https://elmedinaturaldelbages.cat/species/vincapervinca-vinca-difformis/,,
347,6,1,Vincetoxicum officinale,Asclepiadáceas,Vincetoxicum hirundinaria subsp. intermedium,Asclepiadàcies,Masera,https://elmedinaturaldelbages.cat/species/masera-pebrotera-borda-vincetoxicum-hirundinaria-subsp-intermedium/,,
346,6,1,Vincetoxicum nigrum,Asclepiadáceas,Vincetoxicum nigrum,Asclepiadàcies,Masera negra,https://elmedinaturaldelbages.cat/species/masera-negra-vincetoxicum-nigrum/,,
182,3,1,Viola Dehnahardti,Violáceas,Viola alba subsp. dehnhardtii ,Violàcies,Violeta de bosc,https://elmedinaturaldelbages.cat/species/violeta-de-bosc-viola-alba-ssp-dehnhardtii/,,
183,3,2,Viola hirta (1),Violáceas,Viola hirta (1),Violàcies,Violeta pilosa (1),https://elmedinaturaldelbages.cat/species/violeta-pilosa-viola-hirta/,,
,3,2,Viola hirta (2),Violáceas,Viola hirta (2),Violàcies,Violeta pilosa (2),https://elmedinaturaldelbages.cat/species/violeta-pilosa-viola-hirta/,,
184,3,1,Viola odorata,Violáceas,Viola odorata,Violàcies,Viola d'olor,,,
181,3,1,Viola arenaria,Violáceas,Viola rupestris,Violàcies,Viola rupestre,https://elmedinaturaldelbages.cat/species/viola-rupestre-viola-rupestris/,,
185,3,1,Viola Riviniana,Violáceas,Viola sylvestris subsp. riviniana,Violàcies,Violeta silvestre,https://elmedinaturaldelbages.cat/species/viola-silvestre-viola-sylvestris/,,
186,3,1,Viola tricolor,Violáceas,Viola tricolor,Violàcies,Pensament de camp,https://elmedinaturaldelbages.cat/species/pensament-de-camp-viola-tricolor-ssp-arvensis/,,
583,9,1,Xeranthemum inapertum ,Compuestas,Xeranthemum inapertum ,Compostes,Flor immortal,https://elmedinaturaldelbages.cat/species/flor-immortal-xeranthemum-inapertum/,,
91,2,1,Zizyphus vulgaris,Ramnáceas,Ziziphus jujuba,Ramnàcies,Ginjoler,https://elmedinaturaldelbages.cat/species/ginjoler-ziziphus-jujuba/,,
68,2,1,Aceras? sp.,Orquidáceas,,Orquidàcies,,,,TRUE
591,10,1,Orobanche sp.,Orobancáceas,,Orobancàcies,,,,TRUE
329,5,1,Silene? sp.,Cariofiláceas,,Cariofil·làcies,,,,TRUE
,,,,,,,,,,
"* NÚM. significa ""número de l'espècie"". MOST. significa ""nombre de mostres"". HCBPFQ significa ""herbari de la comarca de Bages de Pius Font i Quer"". FMPC 2005 significa ""edició de l'any 2005 de la Flora Manual dels Països Catalans"". ",,,,,,,,,,
* L'ordre de les famílies és el que hi ha als lloms dels arxivadors que contenen l'herbari. ,,,,,,,,,,
"* En total hi ha 618 espècies repartides en 345 gèneres els quals estan repartits en 82 famílies. De les 618 espècies, 613 tenen nom genèric i nom específic, 3 només tenen nom genèric i 2 no tenen nom genèric ni nom específic. ",,,,,,,,,,
"* En total hi ha 628 mostres de plantes. 609 espècies tenen cadascuna una sola mostra, 8 espècies tenen dues mostres cadascuna i 1 espècie té tres mostres.",,,,,,,,,,
* Les mostres corresponents a les espècies Camelina silvestris (núm. 127) i Neslia paniculata (num. 148) tenen l'etiqueta incompleta. Els seus noms científics són els que figuren al llibre de Pius Font i Quer Ensayo fitotopográfico de Bages.,,,,,,,,,,
* La mostra amb el nom científic Linum salsoloides (núm. 308) segurament correspon a Linum tenuifolium subsp. milletii. La mostra amb el nom científic Rubus thyrsoideus (núm 371) segurament correspon a Rubus ulmifolius. La mostra amb el nom científic Statice salsuginosa (núm 616) segurament correspon a Limonium hibericum.,,,,,,,,,,